image_path,split,filename,classes,class_count,label_path
train\Image_100_png.rf.f3ec763ac67b44e5d5ee216fe56eaa29.jpg,train,Image_100_png.rf.f3ec763ac67b44e5d5ee216fe56eaa29.jpg,organic,1,train\_classes.csv
train\Image_101_png.rf.a6fff0ce2d2c2bd46a06cdc9f7f0c2c6.jpg,train,Image_101_png.rf.a6fff0ce2d2c2bd46a06cdc9f7f0c2c6.jpg,paper,1,train\_classes.csv
train\Image_102_png.rf.6016b13cd238d0115ca68de3be34c36a.jpg,train,Image_102_png.rf.6016b13cd238d0115ca68de3be34c36a.jpg,glass,1,train\_classes.csv
train\Image_104_png.rf.5dde73a64f11cacdec855bfe829e1ef9.jpg,train,Image_104_png.rf.5dde73a64f11cacdec855bfe829e1ef9.jpg,glass,1,train\_classes.csv
train\Image_105_png.rf.691afc0fcc9ff8ecfc3fd62f55ace008.jpg,train,Image_105_png.rf.691afc0fcc9ff8ecfc3fd62f55ace008.jpg,paper,1,train\_classes.csv
train\Image_106_png.rf.5965c1e80da97f1183f1c8e2b8751891.jpg,train,Image_106_png.rf.5965c1e80da97f1183f1c8e2b8751891.jpg,organic,1,train\_classes.csv
train\Image_106_png.rf.5cab82c9e48a4a53985a5653aca7d769.jpg,train,Image_106_png.rf.5cab82c9e48a4a53985a5653aca7d769.jpg,steel,1,train\_classes.csv
train\Image_106_png.rf.865b4a30dfcacc54d9f26d8fab28aa7b.jpg,train,Image_106_png.rf.865b4a30dfcacc54d9f26d8fab28aa7b.jpg,glass,1,train\_classes.csv
train\Image_107_png.rf.e49c7b13fff334f75bb0f4ed34a3572f.jpg,train,Image_107_png.rf.e49c7b13fff334f75bb0f4ed34a3572f.jpg,"glass, steel",2,train\_classes.csv
train\Image_108_png.rf.0adc2ebcb7dea37fcf8360cf4a6900fe.jpg,train,Image_108_png.rf.0adc2ebcb7dea37fcf8360cf4a6900fe.jpg,organic,1,train\_classes.csv
train\Image_109_png.rf.1f5538eeac0d2dc685e2284a6f207c98.jpg,train,Image_109_png.rf.1f5538eeac0d2dc685e2284a6f207c98.jpg,steel,1,train\_classes.csv
train\Image_109_png.rf.89db4fe8ba4ab4e9c862735ea93fef2c.jpg,train,Image_109_png.rf.89db4fe8ba4ab4e9c862735ea93fef2c.jpg,polythene,1,train\_classes.csv
train\Image_109_png.rf.f404dcc52552f0d719a499117ba2ed28.jpg,train,Image_109_png.rf.f404dcc52552f0d719a499117ba2ed28.jpg,organic,1,train\_classes.csv
train\Image_10_png.rf.07f4336b6128be34d2e3d9f45df3fcba.jpg,train,Image_10_png.rf.07f4336b6128be34d2e3d9f45df3fcba.jpg,plastic,1,train\_classes.csv
train\Image_10_png.rf.5f1f1d3cf2637e2cff82aaa6a6d232e5.jpg,train,Image_10_png.rf.5f1f1d3cf2637e2cff82aaa6a6d232e5.jpg,organic,1,train\_classes.csv
train\Image_10_png.rf.63fae4a25a1f48dd8aac725f2532a2a7.jpg,train,Image_10_png.rf.63fae4a25a1f48dd8aac725f2532a2a7.jpg,plastic,1,train\_classes.csv
train\Image_10_png.rf.a4eed7e758caca97c475655e7f476358.jpg,train,Image_10_png.rf.a4eed7e758caca97c475655e7f476358.jpg,glass,1,train\_classes.csv
train\Image_10_png.rf.e6f6562c0e3e9a2f6e1be385a4d20bda.jpg,train,Image_10_png.rf.e6f6562c0e3e9a2f6e1be385a4d20bda.jpg,aluminium,1,train\_classes.csv
train\Image_110_png.rf.1d7b3c22ebda397b05dd46a293d014ed.jpg,train,Image_110_png.rf.1d7b3c22ebda397b05dd46a293d014ed.jpg,polythene,1,train\_classes.csv
train\Image_111_png.rf.4dc5e7c086b63ce404d6a8ab02c9dc9d.jpg,train,Image_111_png.rf.4dc5e7c086b63ce404d6a8ab02c9dc9d.jpg,plastic,1,train\_classes.csv
train\Image_112_png.rf.ac8968e38972295ced1b6f0e8a2363a5.jpg,train,Image_112_png.rf.ac8968e38972295ced1b6f0e8a2363a5.jpg,organic,1,train\_classes.csv
train\Image_112_png.rf.be6f35bd159dc30d4cbc80126679a19b.jpg,train,Image_112_png.rf.be6f35bd159dc30d4cbc80126679a19b.jpg,steel,1,train\_classes.csv
train\Image_113_png.rf.3c77e1d31292c8dca89b4278fb4acc8b.jpg,train,Image_113_png.rf.3c77e1d31292c8dca89b4278fb4acc8b.jpg,steel,1,train\_classes.csv
train\Image_113_png.rf.e0901c745bf095dcf263cffbfb6537ef.jpg,train,Image_113_png.rf.e0901c745bf095dcf263cffbfb6537ef.jpg,organic,1,train\_classes.csv
train\Image_114_png.rf.74647b75ab1b42909fb5a7b3b71525c2.jpg,train,Image_114_png.rf.74647b75ab1b42909fb5a7b3b71525c2.jpg,polythene,1,train\_classes.csv
train\Image_114_png.rf.778f8671dfb56a17ade938049028b7eb.jpg,train,Image_114_png.rf.778f8671dfb56a17ade938049028b7eb.jpg,organic,1,train\_classes.csv
train\Image_115_png.rf.40613ff88be171d332af9aaf82acb7c0.jpg,train,Image_115_png.rf.40613ff88be171d332af9aaf82acb7c0.jpg,polythene,1,train\_classes.csv
train\Image_115_png.rf.422cc2005eaccd5a76828689d0619b8b.jpg,train,Image_115_png.rf.422cc2005eaccd5a76828689d0619b8b.jpg,plastic,1,train\_classes.csv
train\Image_115_png.rf.6f0cb8e49d7bd8a1c20f5f4d30036739.jpg,train,Image_115_png.rf.6f0cb8e49d7bd8a1c20f5f4d30036739.jpg,steel,1,train\_classes.csv
train\Image_115_png.rf.941430a607deb54c9250985309e5e86a.jpg,train,Image_115_png.rf.941430a607deb54c9250985309e5e86a.jpg,steel,1,train\_classes.csv
train\Image_115_png.rf.cccf5ee3475e158826106487ae34ffeb.jpg,train,Image_115_png.rf.cccf5ee3475e158826106487ae34ffeb.jpg,organic,1,train\_classes.csv
train\Image_115_png.rf.ddf19fb2ba1fe59a5c75c2625f64d25e.jpg,train,Image_115_png.rf.ddf19fb2ba1fe59a5c75c2625f64d25e.jpg,paper,1,train\_classes.csv
train\Image_116_png.rf.633148c482962a18f57a1559fd9b4822.jpg,train,Image_116_png.rf.633148c482962a18f57a1559fd9b4822.jpg,paper,1,train\_classes.csv
train\Image_116_png.rf.9520273bfd8c0ee793c56d53472523de.jpg,train,Image_116_png.rf.9520273bfd8c0ee793c56d53472523de.jpg,organic,1,train\_classes.csv
train\Image_116_png.rf.bcdc22bdfa3b530858ac622bb50af5a1.jpg,train,Image_116_png.rf.bcdc22bdfa3b530858ac622bb50af5a1.jpg,glass,1,train\_classes.csv
train\Image_117_png.rf.579a4db6103b1fa9223c514405a7499c.jpg,train,Image_117_png.rf.579a4db6103b1fa9223c514405a7499c.jpg,glass,1,train\_classes.csv
train\Image_117_png.rf.5ed919c4e1dc249e544b22107dc027ad.jpg,train,Image_117_png.rf.5ed919c4e1dc249e544b22107dc027ad.jpg,steel,1,train\_classes.csv
train\Image_117_png.rf.72b07aa5597851406b1b0248c46c4554.jpg,train,Image_117_png.rf.72b07aa5597851406b1b0248c46c4554.jpg,"aluminium, steel",2,train\_classes.csv
train\Image_117_png.rf.8637e7a534d522629b7ae7b4ae25e894.jpg,train,Image_117_png.rf.8637e7a534d522629b7ae7b4ae25e894.jpg,organic,1,train\_classes.csv
train\Image_118_png.rf.2549291d145225bce49748bc8eb4a847.jpg,train,Image_118_png.rf.2549291d145225bce49748bc8eb4a847.jpg,steel,1,train\_classes.csv
train\Image_118_png.rf.d185b26ea285bffebf61d62b94d62bd6.jpg,train,Image_118_png.rf.d185b26ea285bffebf61d62b94d62bd6.jpg,"glass, organic",2,train\_classes.csv
train\Image_119_png.rf.2afea9a7d2c131a42cbe49044e4fb020.jpg,train,Image_119_png.rf.2afea9a7d2c131a42cbe49044e4fb020.jpg,plastic,1,train\_classes.csv
train\Image_119_png.rf.b8ace978c562a4c19d05fddf8f8fb83c.jpg,train,Image_119_png.rf.b8ace978c562a4c19d05fddf8f8fb83c.jpg,organic,1,train\_classes.csv
train\Image_119_png.rf.bba4ce16ae4615480161f40e632473bb.jpg,train,Image_119_png.rf.bba4ce16ae4615480161f40e632473bb.jpg,plastic,1,train\_classes.csv
train\Image_11_png.rf.42c916db0ce4e4afc12449bb5388781f.jpg,train,Image_11_png.rf.42c916db0ce4e4afc12449bb5388781f.jpg,organic,1,train\_classes.csv
train\Image_11_png.rf.7c76e30ebc42da7c366d745f93a4ca1a.jpg,train,Image_11_png.rf.7c76e30ebc42da7c366d745f93a4ca1a.jpg,plastic,1,train\_classes.csv
train\Image_11_png.rf.864766e6a0a73e29be17cb8382305905.jpg,train,Image_11_png.rf.864766e6a0a73e29be17cb8382305905.jpg,plastic,1,train\_classes.csv
train\Image_11_png.rf.d21d9195bf0db83fc76b3ec8f2567f1b.jpg,train,Image_11_png.rf.d21d9195bf0db83fc76b3ec8f2567f1b.jpg,aluminium,1,train\_classes.csv
train\Image_120_png.rf.10ac0f9e299edd01b8046597931ed58a.jpg,train,Image_120_png.rf.10ac0f9e299edd01b8046597931ed58a.jpg,paper,1,train\_classes.csv
train\Image_120_png.rf.2863fb095d6beba3767d684901c78208.jpg,train,Image_120_png.rf.2863fb095d6beba3767d684901c78208.jpg,polythene,1,train\_classes.csv
train\Image_120_png.rf.a86311236f3f87c752df10cfeb1f2506.jpg,train,Image_120_png.rf.a86311236f3f87c752df10cfeb1f2506.jpg,steel,1,train\_classes.csv
train\Image_120_png.rf.e0df8841e5082b25e6c2f2a45a2dabb9.jpg,train,Image_120_png.rf.e0df8841e5082b25e6c2f2a45a2dabb9.jpg,organic,1,train\_classes.csv
train\Image_120_png.rf.f372b71c13c639f96cad7be7f3358650.jpg,train,Image_120_png.rf.f372b71c13c639f96cad7be7f3358650.jpg,plastic,1,train\_classes.csv
train\Image_121_png.rf.24d1ef81298801015ff4b5c7342b98ad.jpg,train,Image_121_png.rf.24d1ef81298801015ff4b5c7342b98ad.jpg,steel,1,train\_classes.csv
train\Image_121_png.rf.66cfeb2a74123a095d70682b17da0fbe.jpg,train,Image_121_png.rf.66cfeb2a74123a095d70682b17da0fbe.jpg,glass,1,train\_classes.csv
train\Image_121_png.rf.940b53569ecdabd4d4b997063535a79b.jpg,train,Image_121_png.rf.940b53569ecdabd4d4b997063535a79b.jpg,steel,1,train\_classes.csv
train\Image_121_png.rf.f34c1d0b84dc6bd0c663ca0759c15023.jpg,train,Image_121_png.rf.f34c1d0b84dc6bd0c663ca0759c15023.jpg,polythene,1,train\_classes.csv
train\Image_122_png.rf.a459ce62eda9cefb21ee9492355ab8a7.jpg,train,Image_122_png.rf.a459ce62eda9cefb21ee9492355ab8a7.jpg,glass,1,train\_classes.csv
train\Image_122_png.rf.a60c2da3a65dd395933a1a3310505a42.jpg,train,Image_122_png.rf.a60c2da3a65dd395933a1a3310505a42.jpg,polythene,1,train\_classes.csv
train\Image_123_png.rf.27dc4394ca6f70970b748d65a7126574.jpg,train,Image_123_png.rf.27dc4394ca6f70970b748d65a7126574.jpg,organic,1,train\_classes.csv
train\Image_124_png.rf.4e28ced272c4ad6a60dbfd8a2b00c9a9.jpg,train,Image_124_png.rf.4e28ced272c4ad6a60dbfd8a2b00c9a9.jpg,plastic,1,train\_classes.csv
train\Image_124_png.rf.e73dc96b4b3f7c676e9b70bb293dad3f.jpg,train,Image_124_png.rf.e73dc96b4b3f7c676e9b70bb293dad3f.jpg,polythene,1,train\_classes.csv
train\Image_125_png.rf.f4645e59381b7a50441699b618602c3b.jpg,train,Image_125_png.rf.f4645e59381b7a50441699b618602c3b.jpg,steel,1,train\_classes.csv
train\Image_126_png.rf.2cb4405d19dd607c42620818c7e7fdba.jpg,train,Image_126_png.rf.2cb4405d19dd607c42620818c7e7fdba.jpg,unknown,0,train\_classes.csv
train\Image_126_png.rf.c169d12cab8e13ec6979010dd26f7582.jpg,train,Image_126_png.rf.c169d12cab8e13ec6979010dd26f7582.jpg,glass,1,train\_classes.csv
train\Image_127_png.rf.26cdab3a21899be7845774535e694353.jpg,train,Image_127_png.rf.26cdab3a21899be7845774535e694353.jpg,organic,1,train\_classes.csv
train\Image_128_png.rf.a3e4bad6ca0e3ea2c2855ce861d54f86.jpg,train,Image_128_png.rf.a3e4bad6ca0e3ea2c2855ce861d54f86.jpg,plastic,1,train\_classes.csv
train\Image_129_png.rf.0b8148caf381e87c26d8b2bf67c83a10.jpg,train,Image_129_png.rf.0b8148caf381e87c26d8b2bf67c83a10.jpg,glass,1,train\_classes.csv
train\Image_129_png.rf.407a1a9cbf7a76021207456940ce83b3.jpg,train,Image_129_png.rf.407a1a9cbf7a76021207456940ce83b3.jpg,polythene,1,train\_classes.csv
train\Image_129_png.rf.8277d371bccd4d04c9e25e72c7f11870.jpg,train,Image_129_png.rf.8277d371bccd4d04c9e25e72c7f11870.jpg,"glass, steel",2,train\_classes.csv
train\Image_129_png.rf.cde5d7bc8387c49ebd8cddc77b517e58.jpg,train,Image_129_png.rf.cde5d7bc8387c49ebd8cddc77b517e58.jpg,organic,1,train\_classes.csv
train\Image_12_png.rf.22f627e0e0fff9f6eb667e05f1a9f66d.jpg,train,Image_12_png.rf.22f627e0e0fff9f6eb667e05f1a9f66d.jpg,plastic,1,train\_classes.csv
train\Image_12_png.rf.36e9be7bc23e3ab973ca41ca25499a0b.jpg,train,Image_12_png.rf.36e9be7bc23e3ab973ca41ca25499a0b.jpg,polythene,1,train\_classes.csv
train\Image_12_png.rf.c77b91729182d24fb2157dce14f3494b.jpg,train,Image_12_png.rf.c77b91729182d24fb2157dce14f3494b.jpg,plastic,1,train\_classes.csv
train\Image_12_png.rf.e492e2dff5795c104f9867d171defe09.jpg,train,Image_12_png.rf.e492e2dff5795c104f9867d171defe09.jpg,plastic,1,train\_classes.csv
train\Image_130_png.rf.7835753eef20ffc90213d00960d03eb6.jpg,train,Image_130_png.rf.7835753eef20ffc90213d00960d03eb6.jpg,glass,1,train\_classes.csv
train\Image_130_png.rf.e8a3c5ef6b9b86a91e81e925306f584b.jpg,train,Image_130_png.rf.e8a3c5ef6b9b86a91e81e925306f584b.jpg,polythene,1,train\_classes.csv
train\Image_130_png.rf.f3ecdfcccc8e9682d19ee0a352bace7e.jpg,train,Image_130_png.rf.f3ecdfcccc8e9682d19ee0a352bace7e.jpg,organic,1,train\_classes.csv
train\Image_130_png.rf.faf1e482236f5576c9ee2a13d6197da9.jpg,train,Image_130_png.rf.faf1e482236f5576c9ee2a13d6197da9.jpg,plastic,1,train\_classes.csv
train\Image_131_png.rf.0ae75be7022f0abe159bf10d23ccc207.jpg,train,Image_131_png.rf.0ae75be7022f0abe159bf10d23ccc207.jpg,plastic,1,train\_classes.csv
train\Image_131_png.rf.7318b0dbf38e9281da7c4bd0c61c66b2.jpg,train,Image_131_png.rf.7318b0dbf38e9281da7c4bd0c61c66b2.jpg,organic,1,train\_classes.csv
train\Image_131_png.rf.8dacba5db0b95ce3c4221492e97385ac.jpg,train,Image_131_png.rf.8dacba5db0b95ce3c4221492e97385ac.jpg,polythene,1,train\_classes.csv
train\Image_131_png.rf.c3f3da6a5689e83b5db9972c6d9c2fff.jpg,train,Image_131_png.rf.c3f3da6a5689e83b5db9972c6d9c2fff.jpg,plastic,1,train\_classes.csv
train\Image_132_png.rf.5536d985de17e33dda2722417e6db7e4.jpg,train,Image_132_png.rf.5536d985de17e33dda2722417e6db7e4.jpg,steel,1,train\_classes.csv
train\Image_132_png.rf.99308e1dd675216b7cf8c776c4e2ba54.jpg,train,Image_132_png.rf.99308e1dd675216b7cf8c776c4e2ba54.jpg,organic,1,train\_classes.csv
train\Image_132_png.rf.f76ae91642e16e151aa1c61a79cd3e99.jpg,train,Image_132_png.rf.f76ae91642e16e151aa1c61a79cd3e99.jpg,glass,1,train\_classes.csv
train\Image_133_png.rf.1c2a1e26e3a05d50f3894a22f28281b2.jpg,train,Image_133_png.rf.1c2a1e26e3a05d50f3894a22f28281b2.jpg,organic,1,train\_classes.csv
train\Image_133_png.rf.9b87e6788e5674307bc3fb314df2fd1f.jpg,train,Image_133_png.rf.9b87e6788e5674307bc3fb314df2fd1f.jpg,glass,1,train\_classes.csv
train\Image_134_png.rf.2c03549dc844d08e89eb969efee0a7fc.jpg,train,Image_134_png.rf.2c03549dc844d08e89eb969efee0a7fc.jpg,steel,1,train\_classes.csv
train\Image_134_png.rf.31c0a445afb56b164cec278c91efd3a5.jpg,train,Image_134_png.rf.31c0a445afb56b164cec278c91efd3a5.jpg,polythene,1,train\_classes.csv
train\Image_134_png.rf.42d9228fd66716cd1b4c996682c75a7b.jpg,train,Image_134_png.rf.42d9228fd66716cd1b4c996682c75a7b.jpg,plastic,1,train\_classes.csv
train\Image_134_png.rf.4b7b1afb96fdddd63bd0a26cfbabe88f.jpg,train,Image_134_png.rf.4b7b1afb96fdddd63bd0a26cfbabe88f.jpg,glass,1,train\_classes.csv
train\Image_135_png.rf.05251c67232433e029731a9e8cec298c.jpg,train,Image_135_png.rf.05251c67232433e029731a9e8cec298c.jpg,polythene,1,train\_classes.csv
train\Image_135_png.rf.0878474b1d9c2f8fa106a5ff626fb143.jpg,train,Image_135_png.rf.0878474b1d9c2f8fa106a5ff626fb143.jpg,paper,1,train\_classes.csv
train\Image_136_png.rf.8b164f4a0e4375edbd4c78ac966ca386.jpg,train,Image_136_png.rf.8b164f4a0e4375edbd4c78ac966ca386.jpg,steel,1,train\_classes.csv
train\Image_136_png.rf.9904d2aa982a89919a7d79096b707b4e.jpg,train,Image_136_png.rf.9904d2aa982a89919a7d79096b707b4e.jpg,paper,1,train\_classes.csv
train\Image_136_png.rf.bc02e603d263d41aeb5e3738a5b78199.jpg,train,Image_136_png.rf.bc02e603d263d41aeb5e3738a5b78199.jpg,glass,1,train\_classes.csv
train\Image_136_png.rf.f47a09cc38950363ddf5a709b64e1d37.jpg,train,Image_136_png.rf.f47a09cc38950363ddf5a709b64e1d37.jpg,glass,1,train\_classes.csv
train\Image_137_png.rf.3937936fbe521dd456bfc5810a9ba361.jpg,train,Image_137_png.rf.3937936fbe521dd456bfc5810a9ba361.jpg,unknown,0,train\_classes.csv
train\Image_137_png.rf.4f9f80af121a6b4ec137e5f4eb4c7e9b.jpg,train,Image_137_png.rf.4f9f80af121a6b4ec137e5f4eb4c7e9b.jpg,steel,1,train\_classes.csv
train\Image_137_png.rf.62aedbbb2246fc9c1cd04cd8e2454053.jpg,train,Image_137_png.rf.62aedbbb2246fc9c1cd04cd8e2454053.jpg,plastic,1,train\_classes.csv
train\Image_137_png.rf.d91e6c5938b58c089f3c5c24b1e9683e.jpg,train,Image_137_png.rf.d91e6c5938b58c089f3c5c24b1e9683e.jpg,glass,1,train\_classes.csv
train\Image_138_png.rf.a18520aa9fd599dffe3f0c875749b6ad.jpg,train,Image_138_png.rf.a18520aa9fd599dffe3f0c875749b6ad.jpg,glass,1,train\_classes.csv
train\Image_139_png.rf.407e070084652e81080836e0cb79f415.jpg,train,Image_139_png.rf.407e070084652e81080836e0cb79f415.jpg,paper,1,train\_classes.csv
train\Image_139_png.rf.faf8d8f9fb16b74c3df1728300c53e38.jpg,train,Image_139_png.rf.faf8d8f9fb16b74c3df1728300c53e38.jpg,glass,1,train\_classes.csv
train\Image_13_png.rf.47a08d3c7b25818963b54f0558539493.jpg,train,Image_13_png.rf.47a08d3c7b25818963b54f0558539493.jpg,aluminium,1,train\_classes.csv
train\Image_141_png.rf.1260b5e13c3a6bf282f275f6d8dcfac5.jpg,train,Image_141_png.rf.1260b5e13c3a6bf282f275f6d8dcfac5.jpg,polythene,1,train\_classes.csv
train\Image_141_png.rf.7e4d1eaec199517040c9f58d5331b02f.jpg,train,Image_141_png.rf.7e4d1eaec199517040c9f58d5331b02f.jpg,glass,1,train\_classes.csv
train\Image_142_png.rf.2942de2977ced62ab571486f92792bb2.jpg,train,Image_142_png.rf.2942de2977ced62ab571486f92792bb2.jpg,polythene,1,train\_classes.csv
train\Image_142_png.rf.3c9fd0445672e674a17a3c337fb76631.jpg,train,Image_142_png.rf.3c9fd0445672e674a17a3c337fb76631.jpg,paper,1,train\_classes.csv
train\Image_142_png.rf.5e320ac3e2c74a868f44eca3c36aa728.jpg,train,Image_142_png.rf.5e320ac3e2c74a868f44eca3c36aa728.jpg,plastic,1,train\_classes.csv
train\Image_142_png.rf.66ba1bd3920b02d076d321a0a5383265.jpg,train,Image_142_png.rf.66ba1bd3920b02d076d321a0a5383265.jpg,plastic,1,train\_classes.csv
train\Image_143_png.rf.c609c6923b47900e3b00086535196c50.jpg,train,Image_143_png.rf.c609c6923b47900e3b00086535196c50.jpg,plastic,1,train\_classes.csv
train\Image_145_png.rf.1d2adce27a33659e5e6cfc8ec86ab466.jpg,train,Image_145_png.rf.1d2adce27a33659e5e6cfc8ec86ab466.jpg,polythene,1,train\_classes.csv
train\Image_145_png.rf.2f48b295a2dd49b5ab5a5c8e823e5969.jpg,train,Image_145_png.rf.2f48b295a2dd49b5ab5a5c8e823e5969.jpg,glass,1,train\_classes.csv
train\Image_145_png.rf.aafd7c3544c96eb38825267063a73dc7.jpg,train,Image_145_png.rf.aafd7c3544c96eb38825267063a73dc7.jpg,plastic,1,train\_classes.csv
train\Image_145_png.rf.b1fc44c68930e8afc8ced0b0b080f3a5.jpg,train,Image_145_png.rf.b1fc44c68930e8afc8ced0b0b080f3a5.jpg,steel,1,train\_classes.csv
train\Image_145_png.rf.c81fb4cffd2ed780f4d701a2a4da9760.jpg,train,Image_145_png.rf.c81fb4cffd2ed780f4d701a2a4da9760.jpg,paper,1,train\_classes.csv
train\Image_146_png.rf.194c82e7ad56e7e7518ffbcb4936b3de.jpg,train,Image_146_png.rf.194c82e7ad56e7e7518ffbcb4936b3de.jpg,plastic,1,train\_classes.csv
train\Image_146_png.rf.9861361a8ecc152a2f4a0db23cae7bd2.jpg,train,Image_146_png.rf.9861361a8ecc152a2f4a0db23cae7bd2.jpg,polythene,1,train\_classes.csv
train\Image_146_png.rf.e62e02f86349bc28add4561de4db165f.jpg,train,Image_146_png.rf.e62e02f86349bc28add4561de4db165f.jpg,glass,1,train\_classes.csv
train\Image_146_png.rf.f8aa0ec07c479d8665e05aa5c48cd1f0.jpg,train,Image_146_png.rf.f8aa0ec07c479d8665e05aa5c48cd1f0.jpg,organic,1,train\_classes.csv
train\Image_147_png.rf.4da186756aa7678d53336b400cb2de36.jpg,train,Image_147_png.rf.4da186756aa7678d53336b400cb2de36.jpg,organic,1,train\_classes.csv
train\Image_147_png.rf.e6ae0ae7d8ff0387eb51f25c92ac7ebd.jpg,train,Image_147_png.rf.e6ae0ae7d8ff0387eb51f25c92ac7ebd.jpg,plastic,1,train\_classes.csv
train\Image_148_png.rf.aca310c9cf7cb008e648fc0d18599954.jpg,train,Image_148_png.rf.aca310c9cf7cb008e648fc0d18599954.jpg,polythene,1,train\_classes.csv
train\Image_148_png.rf.c3b8efa10f9c3cdacdbb3468136bee9c.jpg,train,Image_148_png.rf.c3b8efa10f9c3cdacdbb3468136bee9c.jpg,organic,1,train\_classes.csv
train\Image_148_png.rf.d1fad1cb886e9bdc72eb97d8c2f33729.jpg,train,Image_148_png.rf.d1fad1cb886e9bdc72eb97d8c2f33729.jpg,glass,1,train\_classes.csv
train\Image_148_png.rf.fff98a44aac8a19971e13bc5d8dce010.jpg,train,Image_148_png.rf.fff98a44aac8a19971e13bc5d8dce010.jpg,steel,1,train\_classes.csv
train\Image_149_png.rf.fac4d2000012768792efd67fcee9e722.jpg,train,Image_149_png.rf.fac4d2000012768792efd67fcee9e722.jpg,glass,1,train\_classes.csv
train\Image_14_png.rf.11ff2a9d0c65309470972dfecaffe19f.jpg,train,Image_14_png.rf.11ff2a9d0c65309470972dfecaffe19f.jpg,paper,1,train\_classes.csv
train\Image_14_png.rf.2aadc9c3303e182e82db0bcf3e2ba8d3.jpg,train,Image_14_png.rf.2aadc9c3303e182e82db0bcf3e2ba8d3.jpg,aluminium,1,train\_classes.csv
train\Image_14_png.rf.873c2ebbf02a5e80b56ee4a599a53507.jpg,train,Image_14_png.rf.873c2ebbf02a5e80b56ee4a599a53507.jpg,plastic,1,train\_classes.csv
train\Image_150_png.rf.101409dcecc6905ca90699ac3d8c187e.jpg,train,Image_150_png.rf.101409dcecc6905ca90699ac3d8c187e.jpg,plastic,1,train\_classes.csv
train\Image_150_png.rf.cae21f5c21017e4e24efc7c34958bc8d.jpg,train,Image_150_png.rf.cae21f5c21017e4e24efc7c34958bc8d.jpg,glass,1,train\_classes.csv
train\Image_150_png.rf.ecb63d5ac40e620f41f9f7acbacbf2e3.jpg,train,Image_150_png.rf.ecb63d5ac40e620f41f9f7acbacbf2e3.jpg,unknown,0,train\_classes.csv
train\Image_151_png.rf.73ea2a82af00c49e89646d5f9ed3a583.jpg,train,Image_151_png.rf.73ea2a82af00c49e89646d5f9ed3a583.jpg,paper,1,train\_classes.csv
train\Image_151_png.rf.7ebbf9055a1468d6fdbdad110ee4b4ef.jpg,train,Image_151_png.rf.7ebbf9055a1468d6fdbdad110ee4b4ef.jpg,polythene,1,train\_classes.csv
train\Image_151_png.rf.c6edf56e112c5bd0c5de78764e8cb587.jpg,train,Image_151_png.rf.c6edf56e112c5bd0c5de78764e8cb587.jpg,organic,1,train\_classes.csv
train\Image_152_png.rf.b6603a7599ee2d0ff2778bb606a9ebab.jpg,train,Image_152_png.rf.b6603a7599ee2d0ff2778bb606a9ebab.jpg,organic,1,train\_classes.csv
train\Image_153_png.rf.25156a67bd14bad3567209286604687d.jpg,train,Image_153_png.rf.25156a67bd14bad3567209286604687d.jpg,plastic,1,train\_classes.csv
train\Image_154_png.rf.42c3d4d9ded7f47465db937bcbe15683.jpg,train,Image_154_png.rf.42c3d4d9ded7f47465db937bcbe15683.jpg,organic,1,train\_classes.csv
train\Image_154_png.rf.6df3973bda52d3e0bfcc69f3b7161f52.jpg,train,Image_154_png.rf.6df3973bda52d3e0bfcc69f3b7161f52.jpg,polythene,1,train\_classes.csv
train\Image_154_png.rf.af127313c986162dcab08c5ec066c0b9.jpg,train,Image_154_png.rf.af127313c986162dcab08c5ec066c0b9.jpg,glass,1,train\_classes.csv
train\Image_154_png.rf.ee3a570d4eca9409fe3a4d66c46da9f4.jpg,train,Image_154_png.rf.ee3a570d4eca9409fe3a4d66c46da9f4.jpg,plastic,1,train\_classes.csv
train\Image_155_png.rf.38dd14c13b02c0cd56bef9d13d096a37.jpg,train,Image_155_png.rf.38dd14c13b02c0cd56bef9d13d096a37.jpg,glass,1,train\_classes.csv
train\Image_155_png.rf.9dab91dac7fa7694a59ce88259993f5b.jpg,train,Image_155_png.rf.9dab91dac7fa7694a59ce88259993f5b.jpg,organic,1,train\_classes.csv
train\Image_155_png.rf.df1fb10642d947dc316b0dd771d48594.jpg,train,Image_155_png.rf.df1fb10642d947dc316b0dd771d48594.jpg,plastic,1,train\_classes.csv
train\Image_156_png.rf.0982dbe9d1c0a8fe8cc38f5a166b0674.jpg,train,Image_156_png.rf.0982dbe9d1c0a8fe8cc38f5a166b0674.jpg,plastic,1,train\_classes.csv
train\Image_156_png.rf.29bd2f7d156492e45cb11085d933f986.jpg,train,Image_156_png.rf.29bd2f7d156492e45cb11085d933f986.jpg,glass,1,train\_classes.csv
train\Image_156_png.rf.7d578a588ea8e61a27ecdbc96121ccc1.jpg,train,Image_156_png.rf.7d578a588ea8e61a27ecdbc96121ccc1.jpg,glass,1,train\_classes.csv
train\Image_157_png.rf.231c1346fe05cad3e19cec37b073a4aa.jpg,train,Image_157_png.rf.231c1346fe05cad3e19cec37b073a4aa.jpg,paper,1,train\_classes.csv
train\Image_157_png.rf.a1195ee7f30f2f9c34c5c8e19f1b28e2.jpg,train,Image_157_png.rf.a1195ee7f30f2f9c34c5c8e19f1b28e2.jpg,polythene,1,train\_classes.csv
train\Image_157_png.rf.e27079c0e09f99b05a650949e4d3b963.jpg,train,Image_157_png.rf.e27079c0e09f99b05a650949e4d3b963.jpg,steel,1,train\_classes.csv
train\Image_158_png.rf.1906cecbacfb8097a129d383f47c6b64.jpg,train,Image_158_png.rf.1906cecbacfb8097a129d383f47c6b64.jpg,polythene,1,train\_classes.csv
train\Image_159_png.rf.29d06c6b1c5a9459e2c23401b64cc572.jpg,train,Image_159_png.rf.29d06c6b1c5a9459e2c23401b64cc572.jpg,plastic,1,train\_classes.csv
train\Image_159_png.rf.2c129fc8d766a90664867c7e4e91ffdf.jpg,train,Image_159_png.rf.2c129fc8d766a90664867c7e4e91ffdf.jpg,glass,1,train\_classes.csv
train\Image_159_png.rf.dddf7fe2e9f443de07658dacd754a414.jpg,train,Image_159_png.rf.dddf7fe2e9f443de07658dacd754a414.jpg,organic,1,train\_classes.csv
train\Image_15_png.rf.50362adfcc595105e5812a402955ff37.jpg,train,Image_15_png.rf.50362adfcc595105e5812a402955ff37.jpg,glass,1,train\_classes.csv
train\Image_15_png.rf.b59d9bb8bcaf19daa44404ff14695fa2.jpg,train,Image_15_png.rf.b59d9bb8bcaf19daa44404ff14695fa2.jpg,plastic,1,train\_classes.csv
train\Image_15_png.rf.b81489caceacdf9efcfd8316c7b48945.jpg,train,Image_15_png.rf.b81489caceacdf9efcfd8316c7b48945.jpg,organic,1,train\_classes.csv
train\Image_161_png.rf.02a683bc17cf1d9bc5843ee3fdf6990e.jpg,train,Image_161_png.rf.02a683bc17cf1d9bc5843ee3fdf6990e.jpg,steel,1,train\_classes.csv
train\Image_161_png.rf.6189e72d45d78bac53dff5106b27f3fa.jpg,train,Image_161_png.rf.6189e72d45d78bac53dff5106b27f3fa.jpg,organic,1,train\_classes.csv
train\Image_161_png.rf.ab41246ff55d85a6a836753d4fe119b2.jpg,train,Image_161_png.rf.ab41246ff55d85a6a836753d4fe119b2.jpg,paper,1,train\_classes.csv
train\Image_161_png.rf.f6cb8213c9c2dcc21ca9910c9d5d20ce.jpg,train,Image_161_png.rf.f6cb8213c9c2dcc21ca9910c9d5d20ce.jpg,polythene,1,train\_classes.csv
train\Image_163_png.rf.9c4a367a540eef932b3313ca1084b508.jpg,train,Image_163_png.rf.9c4a367a540eef932b3313ca1084b508.jpg,steel,1,train\_classes.csv
train\Image_163_png.rf.ab466cf676e3b2e711ee708da9b1c2e5.jpg,train,Image_163_png.rf.ab466cf676e3b2e711ee708da9b1c2e5.jpg,plastic,1,train\_classes.csv
train\Image_164_png.rf.030bf595324fd7fa2522a540b25d6cca.jpg,train,Image_164_png.rf.030bf595324fd7fa2522a540b25d6cca.jpg,steel,1,train\_classes.csv
train\Image_164_png.rf.a69397d22c0a0057bd18c2bebdaca932.jpg,train,Image_164_png.rf.a69397d22c0a0057bd18c2bebdaca932.jpg,polythene,1,train\_classes.csv
train\Image_164_png.rf.e48b05c393a08933a9a85037ab8bbe60.jpg,train,Image_164_png.rf.e48b05c393a08933a9a85037ab8bbe60.jpg,plastic,1,train\_classes.csv
train\Image_164_png.rf.f2213d8171875f89102e5250d1c3c276.jpg,train,Image_164_png.rf.f2213d8171875f89102e5250d1c3c276.jpg,organic,1,train\_classes.csv
train\Image_165_png.rf.183da769e71c37b28e00733a077feb10.jpg,train,Image_165_png.rf.183da769e71c37b28e00733a077feb10.jpg,plastic,1,train\_classes.csv
train\Image_165_png.rf.eaa49d48afa266a0c146b443ddde355d.jpg,train,Image_165_png.rf.eaa49d48afa266a0c146b443ddde355d.jpg,steel,1,train\_classes.csv
train\Image_165_png.rf.f6503a24a9abae190addeeb36bcb2c3c.jpg,train,Image_165_png.rf.f6503a24a9abae190addeeb36bcb2c3c.jpg,organic,1,train\_classes.csv
train\Image_166_png.rf.a50e82b6d1d5dd8a083b3b3da0259666.jpg,train,Image_166_png.rf.a50e82b6d1d5dd8a083b3b3da0259666.jpg,polythene,1,train\_classes.csv
train\Image_167_png.rf.0ac5a37d8fa786c33e96286a64013360.jpg,train,Image_167_png.rf.0ac5a37d8fa786c33e96286a64013360.jpg,steel,1,train\_classes.csv
train\Image_167_png.rf.aaddab586bbb437df7964419c3254111.jpg,train,Image_167_png.rf.aaddab586bbb437df7964419c3254111.jpg,paper,1,train\_classes.csv
train\Image_168_png.rf.17cc923e739496f2a96dcc1ae8bec02e.jpg,train,Image_168_png.rf.17cc923e739496f2a96dcc1ae8bec02e.jpg,glass,1,train\_classes.csv
train\Image_168_png.rf.a4803d639f616e0bb37e7e713e52354d.jpg,train,Image_168_png.rf.a4803d639f616e0bb37e7e713e52354d.jpg,polythene,1,train\_classes.csv
train\Image_169_png.rf.4c72dac04be02a0fe9e5734f7317d045.jpg,train,Image_169_png.rf.4c72dac04be02a0fe9e5734f7317d045.jpg,glass,1,train\_classes.csv
train\Image_169_png.rf.bb5a33c890267e4d1bb141998879ef75.jpg,train,Image_169_png.rf.bb5a33c890267e4d1bb141998879ef75.jpg,polythene,1,train\_classes.csv
train\Image_16_png.rf.32e7c833e9857d363f5065500e060e26.jpg,train,Image_16_png.rf.32e7c833e9857d363f5065500e060e26.jpg,plastic,1,train\_classes.csv
train\Image_16_png.rf.4bb7ca534e5a53d0cea17b16cc5bc3eb.jpg,train,Image_16_png.rf.4bb7ca534e5a53d0cea17b16cc5bc3eb.jpg,glass,1,train\_classes.csv
train\Image_16_png.rf.d0422dffbefb2f8de1d31597e282ff35.jpg,train,Image_16_png.rf.d0422dffbefb2f8de1d31597e282ff35.jpg,plastic,1,train\_classes.csv
train\Image_16_png.rf.f0c97b87b3720589aaf649fcda8a4e41.jpg,train,Image_16_png.rf.f0c97b87b3720589aaf649fcda8a4e41.jpg,aluminium,1,train\_classes.csv
train\Image_170_png.rf.986548d2220b1bc7496157e362cfede1.jpg,train,Image_170_png.rf.986548d2220b1bc7496157e362cfede1.jpg,glass,1,train\_classes.csv
train\Image_170_png.rf.c3ad30f0a925db8135c38995ebe0ab42.jpg,train,Image_170_png.rf.c3ad30f0a925db8135c38995ebe0ab42.jpg,steel,1,train\_classes.csv
train\Image_172_png.rf.529fd370cb69d0611d98bb79c7dab06b.jpg,train,Image_172_png.rf.529fd370cb69d0611d98bb79c7dab06b.jpg,paper,1,train\_classes.csv
train\Image_172_png.rf.7a786bb8c683afa1c742d1ecd1b1698b.jpg,train,Image_172_png.rf.7a786bb8c683afa1c742d1ecd1b1698b.jpg,"glass, steel",2,train\_classes.csv
train\Image_172_png.rf.d67a52da86496a7dd5853f55df99c90e.jpg,train,Image_172_png.rf.d67a52da86496a7dd5853f55df99c90e.jpg,glass,1,train\_classes.csv
train\Image_173_png.rf.61ec96978ef4fd8b1e76acdab4db7f23.jpg,train,Image_173_png.rf.61ec96978ef4fd8b1e76acdab4db7f23.jpg,paper,1,train\_classes.csv
train\Image_173_png.rf.93b82ab89b405fd7edbf5cba33a13fd4.jpg,train,Image_173_png.rf.93b82ab89b405fd7edbf5cba33a13fd4.jpg,organic,1,train\_classes.csv
train\Image_173_png.rf.d2c12c77244fb9486a6d378e09a7c9b4.jpg,train,Image_173_png.rf.d2c12c77244fb9486a6d378e09a7c9b4.jpg,glass,1,train\_classes.csv
train\Image_174_png.rf.b0f1232d1ea926ed80a47c71aa20444f.jpg,train,Image_174_png.rf.b0f1232d1ea926ed80a47c71aa20444f.jpg,aluminium,1,train\_classes.csv
train\Image_175_png.rf.30518bf56a3836b6c4efa712da396a9d.jpg,train,Image_175_png.rf.30518bf56a3836b6c4efa712da396a9d.jpg,organic,1,train\_classes.csv
train\Image_175_png.rf.79efe030ec3ea456eafc9ef931c41d1d.jpg,train,Image_175_png.rf.79efe030ec3ea456eafc9ef931c41d1d.jpg,aluminium,1,train\_classes.csv
train\Image_175_png.rf.92af401016d5f440ad79742d8e04bfdf.jpg,train,Image_175_png.rf.92af401016d5f440ad79742d8e04bfdf.jpg,paper,1,train\_classes.csv
train\Image_175_png.rf.e412df582ab3de50534e4af69c0cf806.jpg,train,Image_175_png.rf.e412df582ab3de50534e4af69c0cf806.jpg,polythene,1,train\_classes.csv
train\Image_176_png.rf.3b40c627816dbe25fa560c79dd0a7494.jpg,train,Image_176_png.rf.3b40c627816dbe25fa560c79dd0a7494.jpg,paper,1,train\_classes.csv
train\Image_176_png.rf.7b48be0cc7308df230a5083126742006.jpg,train,Image_176_png.rf.7b48be0cc7308df230a5083126742006.jpg,organic,1,train\_classes.csv
train\Image_176_png.rf.ca0ac8bab2123a4b73e4692234559c55.jpg,train,Image_176_png.rf.ca0ac8bab2123a4b73e4692234559c55.jpg,steel,1,train\_classes.csv
train\Image_176_png.rf.f365a7f48f4b97a0ddd430c30aea8042.jpg,train,Image_176_png.rf.f365a7f48f4b97a0ddd430c30aea8042.jpg,glass,1,train\_classes.csv
train\Image_177_png.rf.ac3c04d3c8ed1203fbd9c3066673a7c1.jpg,train,Image_177_png.rf.ac3c04d3c8ed1203fbd9c3066673a7c1.jpg,plastic,1,train\_classes.csv
train\Image_177_png.rf.e7f5b2783221794802f17dee78175f35.jpg,train,Image_177_png.rf.e7f5b2783221794802f17dee78175f35.jpg,organic,1,train\_classes.csv
train\Image_178_png.rf.355f76b6054fc384946e43f43259b941.jpg,train,Image_178_png.rf.355f76b6054fc384946e43f43259b941.jpg,steel,1,train\_classes.csv
train\Image_178_png.rf.92ed765fe44597c8fb097d2111834302.jpg,train,Image_178_png.rf.92ed765fe44597c8fb097d2111834302.jpg,organic,1,train\_classes.csv
train\Image_17_png.rf.4db158300f4ed043bb7dd8f3bf53bc59.jpg,train,Image_17_png.rf.4db158300f4ed043bb7dd8f3bf53bc59.jpg,plastic,1,train\_classes.csv
train\Image_17_png.rf.e6b72e7c8cf92bab3a2a3f9a79439c39.jpg,train,Image_17_png.rf.e6b72e7c8cf92bab3a2a3f9a79439c39.jpg,organic,1,train\_classes.csv
train\Image_182_png.rf.05758eab4981a44589b4b851169afd51.jpg,train,Image_182_png.rf.05758eab4981a44589b4b851169afd51.jpg,glass,1,train\_classes.csv
train\Image_183_png.rf.09db2cfe8ab02ea8d4449b9d08326684.jpg,train,Image_183_png.rf.09db2cfe8ab02ea8d4449b9d08326684.jpg,organic,1,train\_classes.csv
train\Image_183_png.rf.8ac297eeab5fdede537cdab2186398c8.jpg,train,Image_183_png.rf.8ac297eeab5fdede537cdab2186398c8.jpg,polythene,1,train\_classes.csv
train\Image_184_png.rf.2a6173be3f0ffcef260920a0f7c6a5f8.jpg,train,Image_184_png.rf.2a6173be3f0ffcef260920a0f7c6a5f8.jpg,polythene,1,train\_classes.csv
train\Image_184_png.rf.2b2589b246ef3d77346eae2f4f316149.jpg,train,Image_184_png.rf.2b2589b246ef3d77346eae2f4f316149.jpg,steel,1,train\_classes.csv
train\Image_185_png.rf.8d95e518d202ac8b084af8710cebea63.jpg,train,Image_185_png.rf.8d95e518d202ac8b084af8710cebea63.jpg,polythene,1,train\_classes.csv
train\Image_186_png.rf.68be9f8a4c880932c0f76d18ffb5c065.jpg,train,Image_186_png.rf.68be9f8a4c880932c0f76d18ffb5c065.jpg,paper,1,train\_classes.csv
train\Image_187_png.rf.470d91fd93b40b240928fbcede588ce8.jpg,train,Image_187_png.rf.470d91fd93b40b240928fbcede588ce8.jpg,polythene,1,train\_classes.csv
train\Image_187_png.rf.777208086005afd0aa7dc838b8746052.jpg,train,Image_187_png.rf.777208086005afd0aa7dc838b8746052.jpg,organic,1,train\_classes.csv
train\Image_187_png.rf.ceac7b62053fe7d17a9188919fb6f598.jpg,train,Image_187_png.rf.ceac7b62053fe7d17a9188919fb6f598.jpg,glass,1,train\_classes.csv
train\Image_188_png.rf.6ed72444fe8e2188a401b0a232b1ec2a.jpg,train,Image_188_png.rf.6ed72444fe8e2188a401b0a232b1ec2a.jpg,organic,1,train\_classes.csv
train\Image_189_png.rf.572d1b94704df500431b9b90cef754ed.jpg,train,Image_189_png.rf.572d1b94704df500431b9b90cef754ed.jpg,organic,1,train\_classes.csv
train\Image_189_png.rf.db7632147a661a0c8f93611a4ccd7944.jpg,train,Image_189_png.rf.db7632147a661a0c8f93611a4ccd7944.jpg,paper,1,train\_classes.csv
train\Image_18_png.rf.18540e124dc1fb51b138168ea8819a0f.jpg,train,Image_18_png.rf.18540e124dc1fb51b138168ea8819a0f.jpg,plastic,1,train\_classes.csv
train\Image_18_png.rf.31cb89d3378a087fef967f40f84c4cc3.jpg,train,Image_18_png.rf.31cb89d3378a087fef967f40f84c4cc3.jpg,organic,1,train\_classes.csv
train\Image_18_png.rf.8db9aecbef4d6bbb91d55b65dd615242.jpg,train,Image_18_png.rf.8db9aecbef4d6bbb91d55b65dd615242.jpg,glass,1,train\_classes.csv
train\Image_18_png.rf.ebbab1118997cbff0e4b86ad14116308.jpg,train,Image_18_png.rf.ebbab1118997cbff0e4b86ad14116308.jpg,aluminium,1,train\_classes.csv
train\Image_190_png.rf.33bb4d2dd3b53614d658aec5f998c2bb.jpg,train,Image_190_png.rf.33bb4d2dd3b53614d658aec5f998c2bb.jpg,polythene,1,train\_classes.csv
train\Image_191_png.rf.03b34ff1c47356ff39bb0b927f9aaa94.jpg,train,Image_191_png.rf.03b34ff1c47356ff39bb0b927f9aaa94.jpg,organic,1,train\_classes.csv
train\Image_191_png.rf.4307002bf6c4f38824981fcb8031b4ee.jpg,train,Image_191_png.rf.4307002bf6c4f38824981fcb8031b4ee.jpg,paper,1,train\_classes.csv
train\Image_191_png.rf.73fdc307602ec515a652662b6e7d55a3.jpg,train,Image_191_png.rf.73fdc307602ec515a652662b6e7d55a3.jpg,polythene,1,train\_classes.csv
train\Image_192_png.rf.17b1f4fe967d062c4068734f9d6b3152.jpg,train,Image_192_png.rf.17b1f4fe967d062c4068734f9d6b3152.jpg,organic,1,train\_classes.csv
train\Image_192_png.rf.367a54dfc8d164a06f2a4a2e9a722799.jpg,train,Image_192_png.rf.367a54dfc8d164a06f2a4a2e9a722799.jpg,steel,1,train\_classes.csv
train\Image_192_png.rf.e49b5956353e740f02559a1fb1cafbfa.jpg,train,Image_192_png.rf.e49b5956353e740f02559a1fb1cafbfa.jpg,paper,1,train\_classes.csv
train\Image_193_png.rf.114de2dcb86a0ec162458719b637907c.jpg,train,Image_193_png.rf.114de2dcb86a0ec162458719b637907c.jpg,steel,1,train\_classes.csv
train\Image_193_png.rf.cca7c808ea3d7012957c9e372bcd5f0c.jpg,train,Image_193_png.rf.cca7c808ea3d7012957c9e372bcd5f0c.jpg,organic,1,train\_classes.csv
train\Image_195_png.rf.5a3cd59f306020f889b166504adc78e5.jpg,train,Image_195_png.rf.5a3cd59f306020f889b166504adc78e5.jpg,organic,1,train\_classes.csv
train\Image_196_png.rf.a7985e90887ab3720fe490c1bda7ce6d.jpg,train,Image_196_png.rf.a7985e90887ab3720fe490c1bda7ce6d.jpg,paper,1,train\_classes.csv
train\Image_196_png.rf.c3f51efea4601fbc29dff93d0a859882.jpg,train,Image_196_png.rf.c3f51efea4601fbc29dff93d0a859882.jpg,glass,1,train\_classes.csv
train\Image_197_png.rf.8c43b9e0da7ba3f6f4b5578e30bba368.jpg,train,Image_197_png.rf.8c43b9e0da7ba3f6f4b5578e30bba368.jpg,steel,1,train\_classes.csv
train\Image_197_png.rf.e21692b07c5744b2b5c1b35711a62d7f.jpg,train,Image_197_png.rf.e21692b07c5744b2b5c1b35711a62d7f.jpg,polythene,1,train\_classes.csv
train\Image_198_png.rf.30f1e72ab7120caf4366041d6602ba7a.jpg,train,Image_198_png.rf.30f1e72ab7120caf4366041d6602ba7a.jpg,polythene,1,train\_classes.csv
train\Image_199_png.rf.df4ed181d45733fa2e39e93449eb479b.jpg,train,Image_199_png.rf.df4ed181d45733fa2e39e93449eb479b.jpg,polythene,1,train\_classes.csv
train\Image_19_png.rf.23693cfd8125ea5f6f92752bf9b09a9b.jpg,train,Image_19_png.rf.23693cfd8125ea5f6f92752bf9b09a9b.jpg,glass,1,train\_classes.csv
train\Image_19_png.rf.2e312d3c2ea160ebbb3c143101445835.jpg,train,Image_19_png.rf.2e312d3c2ea160ebbb3c143101445835.jpg,plastic,1,train\_classes.csv
train\Image_19_png.rf.cad834fd047dc81f04b315576d593bcb.jpg,train,Image_19_png.rf.cad834fd047dc81f04b315576d593bcb.jpg,paper,1,train\_classes.csv
train\Image_1_png.rf.3b508246068f355d5e647cf1566dd7ae.jpg,train,Image_1_png.rf.3b508246068f355d5e647cf1566dd7ae.jpg,aluminium,1,train\_classes.csv
train\Image_1_png.rf.44fa1e5377d3bb02949663d75ae5ebcd.jpg,train,Image_1_png.rf.44fa1e5377d3bb02949663d75ae5ebcd.jpg,plastic,1,train\_classes.csv
train\Image_1_png.rf.7509d92d2446fac98c863586db56fc52.jpg,train,Image_1_png.rf.7509d92d2446fac98c863586db56fc52.jpg,plastic,1,train\_classes.csv
train\Image_200_png.rf.de1cda6445a8cc8abc89d240a90ef253.jpg,train,Image_200_png.rf.de1cda6445a8cc8abc89d240a90ef253.jpg,paper,1,train\_classes.csv
train\Image_201_png.rf.f021a36f099f43908d78e7f6c0e3cda7.jpg,train,Image_201_png.rf.f021a36f099f43908d78e7f6c0e3cda7.jpg,polythene,1,train\_classes.csv
train\Image_202_png.rf.a5b4761281600a3964892349ce385d91.jpg,train,Image_202_png.rf.a5b4761281600a3964892349ce385d91.jpg,polythene,1,train\_classes.csv
train\Image_203_png.rf.349e6c2542b84146dfc36f3165d346c2.jpg,train,Image_203_png.rf.349e6c2542b84146dfc36f3165d346c2.jpg,steel,1,train\_classes.csv
train\Image_203_png.rf.4247d8286b10ba91ecf14751988762a3.jpg,train,Image_203_png.rf.4247d8286b10ba91ecf14751988762a3.jpg,unknown,0,train\_classes.csv
train\Image_203_png.rf.8f53539f6b840789b191e52be463bdf2.jpg,train,Image_203_png.rf.8f53539f6b840789b191e52be463bdf2.jpg,polythene,1,train\_classes.csv
train\Image_203_png.rf.decb056312c368180095f4b15af42508.jpg,train,Image_203_png.rf.decb056312c368180095f4b15af42508.jpg,paper,1,train\_classes.csv
train\Image_205_png.rf.5f7c9102fdd69f1bb782448318ec7567.jpg,train,Image_205_png.rf.5f7c9102fdd69f1bb782448318ec7567.jpg,organic,1,train\_classes.csv
train\Image_205_png.rf.7321391981731e173a298bc75d019a66.jpg,train,Image_205_png.rf.7321391981731e173a298bc75d019a66.jpg,polythene,1,train\_classes.csv
train\Image_206_png.rf.92e0d24cef2bc077c723604012bcc0f8.jpg,train,Image_206_png.rf.92e0d24cef2bc077c723604012bcc0f8.jpg,paper,1,train\_classes.csv
train\Image_207_png.rf.70c46c8c870e65f40163641be4710a7b.jpg,train,Image_207_png.rf.70c46c8c870e65f40163641be4710a7b.jpg,paper,1,train\_classes.csv
train\Image_207_png.rf.a259fad68149c292ce3fe97a078c47e5.jpg,train,Image_207_png.rf.a259fad68149c292ce3fe97a078c47e5.jpg,glass,1,train\_classes.csv
train\Image_208_png.rf.328a961a3f8747f3b1a420d77de1dfc3.jpg,train,Image_208_png.rf.328a961a3f8747f3b1a420d77de1dfc3.jpg,polythene,1,train\_classes.csv
train\Image_208_png.rf.d6bc4699044cba10f318e6e74a4e53b4.jpg,train,Image_208_png.rf.d6bc4699044cba10f318e6e74a4e53b4.jpg,glass,1,train\_classes.csv
train\Image_209_png.rf.1f405c6b7722fcfe14eb7583cfbb3961.jpg,train,Image_209_png.rf.1f405c6b7722fcfe14eb7583cfbb3961.jpg,organic,1,train\_classes.csv
train\Image_209_png.rf.9537a369ca76902a525f9f36f151d770.jpg,train,Image_209_png.rf.9537a369ca76902a525f9f36f151d770.jpg,steel,1,train\_classes.csv
train\Image_20_png.rf.2c9f696b672c3a381bad66b881a2b779.jpg,train,Image_20_png.rf.2c9f696b672c3a381bad66b881a2b779.jpg,glass,1,train\_classes.csv
train\Image_20_png.rf.4f9fe16eda5e1fe0e1f3da0562acc916.jpg,train,Image_20_png.rf.4f9fe16eda5e1fe0e1f3da0562acc916.jpg,organic,1,train\_classes.csv
train\Image_20_png.rf.5726d9403b26418ab8373ea7b244c6c5.jpg,train,Image_20_png.rf.5726d9403b26418ab8373ea7b244c6c5.jpg,plastic,1,train\_classes.csv
train\Image_20_png.rf.642039db89d4b4c7a417f58c2fce9ee6.jpg,train,Image_20_png.rf.642039db89d4b4c7a417f58c2fce9ee6.jpg,glass,1,train\_classes.csv
train\Image_20_png.rf.dbb1949e913e346c998cea8e82a814aa.jpg,train,Image_20_png.rf.dbb1949e913e346c998cea8e82a814aa.jpg,plastic,1,train\_classes.csv
train\Image_20_png.rf.e30361a7ad706044aada80fbec00c0f9.jpg,train,Image_20_png.rf.e30361a7ad706044aada80fbec00c0f9.jpg,polythene,1,train\_classes.csv
train\Image_20_png.rf.f114b26008db3a81fb9a53d282204b28.jpg,train,Image_20_png.rf.f114b26008db3a81fb9a53d282204b28.jpg,steel,1,train\_classes.csv
train\Image_210_png.rf.13d01c49b3487ffa33a079dd02d3b618.jpg,train,Image_210_png.rf.13d01c49b3487ffa33a079dd02d3b618.jpg,polythene,1,train\_classes.csv
train\Image_212_png.rf.4b6314464bea4e25b146ed5c6436f59b.jpg,train,Image_212_png.rf.4b6314464bea4e25b146ed5c6436f59b.jpg,glass,1,train\_classes.csv
train\Image_213_png.rf.01ffba98ccf217e435db70b4dddf717e.jpg,train,Image_213_png.rf.01ffba98ccf217e435db70b4dddf717e.jpg,paper,1,train\_classes.csv
train\Image_214_png.rf.f1faa9d3786e379d2924fe02e5260905.jpg,train,Image_214_png.rf.f1faa9d3786e379d2924fe02e5260905.jpg,polythene,1,train\_classes.csv
train\Image_215_png.rf.35df8b616dafc169398ab53f3d338809.jpg,train,Image_215_png.rf.35df8b616dafc169398ab53f3d338809.jpg,paper,1,train\_classes.csv
train\Image_215_png.rf.a0f3c02c288a90d4a14175d78d1d7fe3.jpg,train,Image_215_png.rf.a0f3c02c288a90d4a14175d78d1d7fe3.jpg,polythene,1,train\_classes.csv
train\Image_216_png.rf.5d6952df400aeedc42722e608952846a.jpg,train,Image_216_png.rf.5d6952df400aeedc42722e608952846a.jpg,steel,1,train\_classes.csv
train\Image_216_png.rf.b4906ba5a2ba46a2a6bec5ad3e79dc16.jpg,train,Image_216_png.rf.b4906ba5a2ba46a2a6bec5ad3e79dc16.jpg,organic,1,train\_classes.csv
train\Image_217_png.rf.9886fb6976eaedf93a91164bd6bf5f7f.jpg,train,Image_217_png.rf.9886fb6976eaedf93a91164bd6bf5f7f.jpg,steel,1,train\_classes.csv
train\Image_218_png.rf.e43f52e4efca1c485ed16cd2c730e52a.jpg,train,Image_218_png.rf.e43f52e4efca1c485ed16cd2c730e52a.jpg,paper,1,train\_classes.csv
train\Image_219_png.rf.8225b4149f4f0bef3baf2f688c485881.jpg,train,Image_219_png.rf.8225b4149f4f0bef3baf2f688c485881.jpg,glass,1,train\_classes.csv
train\Image_21_png.rf.0f57206ef9a5d1d4a29f9067fe21d05a.jpg,train,Image_21_png.rf.0f57206ef9a5d1d4a29f9067fe21d05a.jpg,plastic,1,train\_classes.csv
train\Image_21_png.rf.34bcc647c9203ea7c3c0c23ae7c27fdd.jpg,train,Image_21_png.rf.34bcc647c9203ea7c3c0c23ae7c27fdd.jpg,steel,1,train\_classes.csv
train\Image_21_png.rf.429c5ba67ee98ae484fd8f3f5fd6e032.jpg,train,Image_21_png.rf.429c5ba67ee98ae484fd8f3f5fd6e032.jpg,plastic,1,train\_classes.csv
train\Image_21_png.rf.c833e92c163804d91c521cadf927935b.jpg,train,Image_21_png.rf.c833e92c163804d91c521cadf927935b.jpg,organic,1,train\_classes.csv
train\Image_21_png.rf.eeb4447db2b30a6f5490221cdd3789d1.jpg,train,Image_21_png.rf.eeb4447db2b30a6f5490221cdd3789d1.jpg,"glass, organic",2,train\_classes.csv
train\Image_220_png.rf.02e285aa5f12c2aa285227c23f488e9d.jpg,train,Image_220_png.rf.02e285aa5f12c2aa285227c23f488e9d.jpg,glass,1,train\_classes.csv
train\Image_221_png.rf.397faf4a093f524c7c3effefd9d30444.jpg,train,Image_221_png.rf.397faf4a093f524c7c3effefd9d30444.jpg,glass,1,train\_classes.csv
train\Image_221_png.rf.a2988418f036c8914bd52d1c2bae6e3c.jpg,train,Image_221_png.rf.a2988418f036c8914bd52d1c2bae6e3c.jpg,organic,1,train\_classes.csv
train\Image_222_png.rf.669503131aa6b8a62ec888a7e6e0ea04.jpg,train,Image_222_png.rf.669503131aa6b8a62ec888a7e6e0ea04.jpg,polythene,1,train\_classes.csv
train\Image_224_png.rf.3a9564fcedd50dfb54091c76434dd2fc.jpg,train,Image_224_png.rf.3a9564fcedd50dfb54091c76434dd2fc.jpg,plastic,1,train\_classes.csv
train\Image_224_png.rf.45daf7b96e62e87a8f2b93876d649992.jpg,train,Image_224_png.rf.45daf7b96e62e87a8f2b93876d649992.jpg,polythene,1,train\_classes.csv
train\Image_225_png.rf.d07d5c76ebf2860af521a799a11455fb.jpg,train,Image_225_png.rf.d07d5c76ebf2860af521a799a11455fb.jpg,polythene,1,train\_classes.csv
train\Image_226_png.rf.9dff3ce9e8dfba605d6c85215b2848fc.jpg,train,Image_226_png.rf.9dff3ce9e8dfba605d6c85215b2848fc.jpg,organic,1,train\_classes.csv
train\Image_226_png.rf.ad3ffd0b9b1e76953bab5221d4ee784a.jpg,train,Image_226_png.rf.ad3ffd0b9b1e76953bab5221d4ee784a.jpg,glass,1,train\_classes.csv
train\Image_227_png.rf.7faae26956d8f354a3187f26c5efc660.jpg,train,Image_227_png.rf.7faae26956d8f354a3187f26c5efc660.jpg,steel,1,train\_classes.csv
train\Image_227_png.rf.a529f24b2ae876d2482369c4ac484f43.jpg,train,Image_227_png.rf.a529f24b2ae876d2482369c4ac484f43.jpg,glass,1,train\_classes.csv
train\Image_228_png.rf.c6f78c1eb99bfcecc1cdc8f5ae102cc2.jpg,train,Image_228_png.rf.c6f78c1eb99bfcecc1cdc8f5ae102cc2.jpg,glass,1,train\_classes.csv
train\Image_228_png.rf.e145d9aebe9455a64c9655fb80b1da3a.jpg,train,Image_228_png.rf.e145d9aebe9455a64c9655fb80b1da3a.jpg,steel,1,train\_classes.csv
train\Image_229_png.rf.dd9d6901e7363b63d3f2e8f46bde8a9f.jpg,train,Image_229_png.rf.dd9d6901e7363b63d3f2e8f46bde8a9f.jpg,steel,1,train\_classes.csv
train\Image_22_png.rf.9f954a343dd679de8e3a485e8c79e1a6.jpg,train,Image_22_png.rf.9f954a343dd679de8e3a485e8c79e1a6.jpg,plastic,1,train\_classes.csv
train\Image_22_png.rf.e2026a3a92850381b11b35db31e91538.jpg,train,Image_22_png.rf.e2026a3a92850381b11b35db31e91538.jpg,aluminium,1,train\_classes.csv
train\Image_230_png.rf.8eb8d94e31ee22a34aea1c73339b8e48.jpg,train,Image_230_png.rf.8eb8d94e31ee22a34aea1c73339b8e48.jpg,steel,1,train\_classes.csv
train\Image_233_png.rf.646ffc6f314875f431a9cd9fc50e712e.jpg,train,Image_233_png.rf.646ffc6f314875f431a9cd9fc50e712e.jpg,organic,1,train\_classes.csv
train\Image_236_png.rf.4e9f971b3e6739c35eb56ee0e3303e13.jpg,train,Image_236_png.rf.4e9f971b3e6739c35eb56ee0e3303e13.jpg,paper,1,train\_classes.csv
train\Image_237_png.rf.83aea7a24151cae0a77d76b7e99c8e79.jpg,train,Image_237_png.rf.83aea7a24151cae0a77d76b7e99c8e79.jpg,polythene,1,train\_classes.csv
train\Image_237_png.rf.e02be28917d3a8dafc734558d853aef5.jpg,train,Image_237_png.rf.e02be28917d3a8dafc734558d853aef5.jpg,steel,1,train\_classes.csv
train\Image_238_png.rf.4bee67774b0326b55508f463bb95ccdd.jpg,train,Image_238_png.rf.4bee67774b0326b55508f463bb95ccdd.jpg,polythene,1,train\_classes.csv
train\Image_238_png.rf.d7338e6fa5154efb475d4f5b671ffe6e.jpg,train,Image_238_png.rf.d7338e6fa5154efb475d4f5b671ffe6e.jpg,steel,1,train\_classes.csv
train\Image_239_png.rf.27a45c4c7d5aafd2317f4fe24b4cbe0a.jpg,train,Image_239_png.rf.27a45c4c7d5aafd2317f4fe24b4cbe0a.jpg,polythene,1,train\_classes.csv
train\Image_239_png.rf.3d8e5d7bcd54ed8123eb1e6eb4478a40.jpg,train,Image_239_png.rf.3d8e5d7bcd54ed8123eb1e6eb4478a40.jpg,steel,1,train\_classes.csv
train\Image_239_png.rf.b584956c7c70280856abb77edaf54766.jpg,train,Image_239_png.rf.b584956c7c70280856abb77edaf54766.jpg,paper,1,train\_classes.csv
train\Image_23_png.rf.03cc291fefc3eed4c7f5d4176d99e796.jpg,train,Image_23_png.rf.03cc291fefc3eed4c7f5d4176d99e796.jpg,organic,1,train\_classes.csv
train\Image_23_png.rf.4943a4662ee368608eb359bc39b4116e.jpg,train,Image_23_png.rf.4943a4662ee368608eb359bc39b4116e.jpg,plastic,1,train\_classes.csv
train\Image_23_png.rf.9a12089bc4242060ec74481c05513706.jpg,train,Image_23_png.rf.9a12089bc4242060ec74481c05513706.jpg,plastic,1,train\_classes.csv
train\Image_240_png.rf.463a79fcd4474dc11324e3a6934600cb.jpg,train,Image_240_png.rf.463a79fcd4474dc11324e3a6934600cb.jpg,polythene,1,train\_classes.csv
train\Image_242_png.rf.39dcf4502d299a01b8771b4a6441a518.jpg,train,Image_242_png.rf.39dcf4502d299a01b8771b4a6441a518.jpg,steel,1,train\_classes.csv
train\Image_243_png.rf.1b9ecac4f765ea01ffcd939f1ba91a06.jpg,train,Image_243_png.rf.1b9ecac4f765ea01ffcd939f1ba91a06.jpg,aluminium,1,train\_classes.csv
train\Image_243_png.rf.f00fa26e87bd80274623c1645011f1e9.jpg,train,Image_243_png.rf.f00fa26e87bd80274623c1645011f1e9.jpg,glass,1,train\_classes.csv
train\Image_245_png.rf.fe5d9a7fab38267f933bcff5ea281c70.jpg,train,Image_245_png.rf.fe5d9a7fab38267f933bcff5ea281c70.jpg,glass,1,train\_classes.csv
train\Image_246_png.rf.4459b7b48ff3d50a1a690491be8f9cc5.jpg,train,Image_246_png.rf.4459b7b48ff3d50a1a690491be8f9cc5.jpg,aluminium,1,train\_classes.csv
train\Image_247_png.rf.1842378d9561ba66b53603d01e2c910e.jpg,train,Image_247_png.rf.1842378d9561ba66b53603d01e2c910e.jpg,polythene,1,train\_classes.csv
train\Image_248_png.rf.17f52e84be805c24c60fbc63df74577d.jpg,train,Image_248_png.rf.17f52e84be805c24c60fbc63df74577d.jpg,polythene,1,train\_classes.csv
train\Image_248_png.rf.521f30c55b0ed42c5795b4511fd13611.jpg,train,Image_248_png.rf.521f30c55b0ed42c5795b4511fd13611.jpg,paper,1,train\_classes.csv
train\Image_250_png.rf.702c99613049c991fded46404d50b605.jpg,train,Image_250_png.rf.702c99613049c991fded46404d50b605.jpg,aluminium,1,train\_classes.csv
train\Image_25_png.rf.89c5db7504801393e822e125472878eb.jpg,train,Image_25_png.rf.89c5db7504801393e822e125472878eb.jpg,plastic,1,train\_classes.csv
train\Image_26_png.rf.41d0cc7aea066806c6873cd53afa09df.jpg,train,Image_26_png.rf.41d0cc7aea066806c6873cd53afa09df.jpg,glass,1,train\_classes.csv
train\Image_26_png.rf.45775a6341d54d316d9e7314471a3066.jpg,train,Image_26_png.rf.45775a6341d54d316d9e7314471a3066.jpg,aluminium,1,train\_classes.csv
train\Image_26_png.rf.a4cb485aca0f6b54d05e008acb395bdc.jpg,train,Image_26_png.rf.a4cb485aca0f6b54d05e008acb395bdc.jpg,organic,1,train\_classes.csv
train\Image_26_png.rf.f7360bf0f179cbcf60840c9812582865.jpg,train,Image_26_png.rf.f7360bf0f179cbcf60840c9812582865.jpg,paper,1,train\_classes.csv
train\Image_27_png.rf.613baaebbfef279001de7e2783e078bb.jpg,train,Image_27_png.rf.613baaebbfef279001de7e2783e078bb.jpg,plastic,1,train\_classes.csv
train\Image_27_png.rf.6ab449bb6984d3d1ed7b7926778f3f51.jpg,train,Image_27_png.rf.6ab449bb6984d3d1ed7b7926778f3f51.jpg,organic,1,train\_classes.csv
train\Image_27_png.rf.83d04e01a78bda12673ca394a8b9487f.jpg,train,Image_27_png.rf.83d04e01a78bda12673ca394a8b9487f.jpg,steel,1,train\_classes.csv
train\Image_28_png.rf.1940f3042fe14f93575436a41cdc11a0.jpg,train,Image_28_png.rf.1940f3042fe14f93575436a41cdc11a0.jpg,glass,1,train\_classes.csv
train\Image_28_png.rf.fe41cb91e77850ec0f70cf942703b2c9.jpg,train,Image_28_png.rf.fe41cb91e77850ec0f70cf942703b2c9.jpg,glass,1,train\_classes.csv
train\Image_29_png.rf.5c10e6c326cfa475317ee5275ec0c699.jpg,train,Image_29_png.rf.5c10e6c326cfa475317ee5275ec0c699.jpg,aluminium,1,train\_classes.csv
train\Image_29_png.rf.6c666ab3d1c515a321f89814b18ac443.jpg,train,Image_29_png.rf.6c666ab3d1c515a321f89814b18ac443.jpg,organic,1,train\_classes.csv
train\Image_2_png.rf.13baab7ce25b18554a9a9fd0e0a0254d.jpg,train,Image_2_png.rf.13baab7ce25b18554a9a9fd0e0a0254d.jpg,plastic,1,train\_classes.csv
train\Image_2_png.rf.34beeac0c45eaf328ea9c468af8f0774.jpg,train,Image_2_png.rf.34beeac0c45eaf328ea9c468af8f0774.jpg,steel,1,train\_classes.csv
train\Image_2_png.rf.7a6adefba489b1d2b6e0adbb8ba52c1b.jpg,train,Image_2_png.rf.7a6adefba489b1d2b6e0adbb8ba52c1b.jpg,aluminium,1,train\_classes.csv
train\Image_30_png.rf.8dcf53b0532a2857f795bf88f80e2ad6.jpg,train,Image_30_png.rf.8dcf53b0532a2857f795bf88f80e2ad6.jpg,organic,1,train\_classes.csv
train\Image_31_png.rf.050b3d39bff48b7798e454206289d135.jpg,train,Image_31_png.rf.050b3d39bff48b7798e454206289d135.jpg,glass,1,train\_classes.csv
train\Image_31_png.rf.2a8ac8c45fc93f25b7c99ec6668586e7.jpg,train,Image_31_png.rf.2a8ac8c45fc93f25b7c99ec6668586e7.jpg,glass,1,train\_classes.csv
train\Image_32_png.rf.006a8b68327f0be61332789e8aa89ffa.jpg,train,Image_32_png.rf.006a8b68327f0be61332789e8aa89ffa.jpg,aluminium,1,train\_classes.csv
train\Image_32_png.rf.d4581a55a7f0f7119cc2c714e51d43f9.jpg,train,Image_32_png.rf.d4581a55a7f0f7119cc2c714e51d43f9.jpg,glass,1,train\_classes.csv
train\Image_33_png.rf.06492b36d57eb6723e6eee194db5823e.jpg,train,Image_33_png.rf.06492b36d57eb6723e6eee194db5823e.jpg,aluminium,1,train\_classes.csv
train\Image_33_png.rf.c0f93e88e26b4922ddd80e819320910c.jpg,train,Image_33_png.rf.c0f93e88e26b4922ddd80e819320910c.jpg,glass,1,train\_classes.csv
train\Image_34_png.rf.5bfe72513b42a237e869e03ab2d97694.jpg,train,Image_34_png.rf.5bfe72513b42a237e869e03ab2d97694.jpg,plastic,1,train\_classes.csv
train\Image_34_png.rf.5c6af0fecb42bd35a6c19e03ccb3f17d.jpg,train,Image_34_png.rf.5c6af0fecb42bd35a6c19e03ccb3f17d.jpg,aluminium,1,train\_classes.csv
train\Image_34_png.rf.c859988271b30663ce0ff3253234c49d.jpg,train,Image_34_png.rf.c859988271b30663ce0ff3253234c49d.jpg,plastic,1,train\_classes.csv
train\Image_35_png.rf.fe84b855408cceeff665fb92e5149c50.jpg,train,Image_35_png.rf.fe84b855408cceeff665fb92e5149c50.jpg,steel,1,train\_classes.csv
train\Image_36_png.rf.d6d47e49659a926a9d6c2a4443f23771.jpg,train,Image_36_png.rf.d6d47e49659a926a9d6c2a4443f23771.jpg,organic,1,train\_classes.csv
train\Image_37_png.rf.57789d3a5bbd91ca09e44fbff3f6bf67.jpg,train,Image_37_png.rf.57789d3a5bbd91ca09e44fbff3f6bf67.jpg,steel,1,train\_classes.csv
train\Image_37_png.rf.b44b88cfcebafb47e9bd4dd9047fea0e.jpg,train,Image_37_png.rf.b44b88cfcebafb47e9bd4dd9047fea0e.jpg,steel,1,train\_classes.csv
train\Image_38_png.rf.05dc409eef2021394311b391045a2132.jpg,train,Image_38_png.rf.05dc409eef2021394311b391045a2132.jpg,aluminium,1,train\_classes.csv
train\Image_38_png.rf.e1d4583677145db6b8e928efc13757f5.jpg,train,Image_38_png.rf.e1d4583677145db6b8e928efc13757f5.jpg,polythene,1,train\_classes.csv
train\Image_39_png.rf.280dfda9fd4072c7e6a4fd41a2ea35fc.jpg,train,Image_39_png.rf.280dfda9fd4072c7e6a4fd41a2ea35fc.jpg,aluminium,1,train\_classes.csv
train\Image_39_png.rf.7acaad284ef987a1e862fa4c4cab5d05.jpg,train,Image_39_png.rf.7acaad284ef987a1e862fa4c4cab5d05.jpg,plastic,1,train\_classes.csv
train\Image_39_png.rf.a582a8e8056d49eb924bf8bc64c9c56e.jpg,train,Image_39_png.rf.a582a8e8056d49eb924bf8bc64c9c56e.jpg,"glass, plastic",2,train\_classes.csv
train\Image_3_png.rf.201fdca9a69afa2e188843dbaa3b5dfa.jpg,train,Image_3_png.rf.201fdca9a69afa2e188843dbaa3b5dfa.jpg,plastic,1,train\_classes.csv
train\Image_3_png.rf.5a2e05841e4de6efefef45913ad111e1.jpg,train,Image_3_png.rf.5a2e05841e4de6efefef45913ad111e1.jpg,glass,1,train\_classes.csv
train\Image_3_png.rf.97eecb96da34c998debfd11e234606db.jpg,train,Image_3_png.rf.97eecb96da34c998debfd11e234606db.jpg,aluminium,1,train\_classes.csv
train\Image_3_png.rf.b38a775c18236724f867c2b02316e680.jpg,train,Image_3_png.rf.b38a775c18236724f867c2b02316e680.jpg,plastic,1,train\_classes.csv
train\Image_40_png.rf.67fe5a1e998484d57adbbfc5fb12ea08.jpg,train,Image_40_png.rf.67fe5a1e998484d57adbbfc5fb12ea08.jpg,polythene,1,train\_classes.csv
train\Image_41_png.rf.027f61571ea98c92bfadedce045dc721.jpg,train,Image_41_png.rf.027f61571ea98c92bfadedce045dc721.jpg,aluminium,1,train\_classes.csv
train\Image_41_png.rf.1b25bad0aa702e01a1964e982ef6f268.jpg,train,Image_41_png.rf.1b25bad0aa702e01a1964e982ef6f268.jpg,organic,1,train\_classes.csv
train\Image_41_png.rf.777e4cb2751f5a41ecfe9aea0c77e8e4.jpg,train,Image_41_png.rf.777e4cb2751f5a41ecfe9aea0c77e8e4.jpg,glass,1,train\_classes.csv
train\Image_42_png.rf.2b1050e204b86a45c91ccef2105be35d.jpg,train,Image_42_png.rf.2b1050e204b86a45c91ccef2105be35d.jpg,aluminium,1,train\_classes.csv
train\Image_42_png.rf.5490108c8d03eefdc659f1aa482c340b.jpg,train,Image_42_png.rf.5490108c8d03eefdc659f1aa482c340b.jpg,glass,1,train\_classes.csv
train\Image_42_png.rf.5e3e63988cfbe2cc3f134e511c721caf.jpg,train,Image_42_png.rf.5e3e63988cfbe2cc3f134e511c721caf.jpg,organic,1,train\_classes.csv
train\Image_42_png.rf.dd902537f52a2ef73fa651dda168d1b3.jpg,train,Image_42_png.rf.dd902537f52a2ef73fa651dda168d1b3.jpg,plastic,1,train\_classes.csv
train\Image_43_png.rf.71db6dde99b3cb02e687e298ee37ba79.jpg,train,Image_43_png.rf.71db6dde99b3cb02e687e298ee37ba79.jpg,aluminium,1,train\_classes.csv
train\Image_43_png.rf.cac271fc1e812ea0712515663a42237c.jpg,train,Image_43_png.rf.cac271fc1e812ea0712515663a42237c.jpg,steel,1,train\_classes.csv
train\Image_43_png.rf.dab1596d76b789bd30db1c3be5674501.jpg,train,Image_43_png.rf.dab1596d76b789bd30db1c3be5674501.jpg,glass,1,train\_classes.csv
train\Image_44_png.rf.00b7a3515485b6ad2e5e0fc5d528eec5.jpg,train,Image_44_png.rf.00b7a3515485b6ad2e5e0fc5d528eec5.jpg,steel,1,train\_classes.csv
train\Image_44_png.rf.7906f1e91866834b551e715bd3f3a9ad.jpg,train,Image_44_png.rf.7906f1e91866834b551e715bd3f3a9ad.jpg,organic,1,train\_classes.csv
train\Image_44_png.rf.bbd1c5b14f1eadacd866fcc8d48205a5.jpg,train,Image_44_png.rf.bbd1c5b14f1eadacd866fcc8d48205a5.jpg,glass,1,train\_classes.csv
train\Image_44_png.rf.d0ba19827b3d2106b2204c5e5b9e10ba.jpg,train,Image_44_png.rf.d0ba19827b3d2106b2204c5e5b9e10ba.jpg,steel,1,train\_classes.csv
train\Image_45_png.rf.ba52296d65c2224ed7f970d039e40316.jpg,train,Image_45_png.rf.ba52296d65c2224ed7f970d039e40316.jpg,aluminium,1,train\_classes.csv
train\Image_45_png.rf.befc75823719ed19bb30013e928fca66.jpg,train,Image_45_png.rf.befc75823719ed19bb30013e928fca66.jpg,glass,1,train\_classes.csv
train\Image_46_png.rf.66096d714716897039094fdf312d270b.jpg,train,Image_46_png.rf.66096d714716897039094fdf312d270b.jpg,plastic,1,train\_classes.csv
train\Image_46_png.rf.c64ab65f67fd0cc5bda312992f708900.jpg,train,Image_46_png.rf.c64ab65f67fd0cc5bda312992f708900.jpg,glass,1,train\_classes.csv
train\Image_46_png.rf.d28426e1adf7ebf3b8946f5e23340c71.jpg,train,Image_46_png.rf.d28426e1adf7ebf3b8946f5e23340c71.jpg,steel,1,train\_classes.csv
train\Image_47_png.rf.2d5ff06cb709231b84c02d8e1cb4cd98.jpg,train,Image_47_png.rf.2d5ff06cb709231b84c02d8e1cb4cd98.jpg,glass,1,train\_classes.csv
train\Image_47_png.rf.9f627ff4652bcd960b0993bf25532f2c.jpg,train,Image_47_png.rf.9f627ff4652bcd960b0993bf25532f2c.jpg,"organic, steel",2,train\_classes.csv
train\Image_47_png.rf.aff414be768556b31cc7ee4824903d51.jpg,train,Image_47_png.rf.aff414be768556b31cc7ee4824903d51.jpg,plastic,1,train\_classes.csv
train\Image_48_png.rf.2d15387623ba3a7dfb1e8a5d112730cb.jpg,train,Image_48_png.rf.2d15387623ba3a7dfb1e8a5d112730cb.jpg,glass,1,train\_classes.csv
train\Image_49_png.rf.055bc599f115dc54a655dc2aad3323da.jpg,train,Image_49_png.rf.055bc599f115dc54a655dc2aad3323da.jpg,aluminium,1,train\_classes.csv
train\Image_49_png.rf.3ff6952dc73eb46379c19e9692de7acc.jpg,train,Image_49_png.rf.3ff6952dc73eb46379c19e9692de7acc.jpg,organic,1,train\_classes.csv
train\Image_49_png.rf.4c6d41cc9631a0edf060fd1498fb5c6c.jpg,train,Image_49_png.rf.4c6d41cc9631a0edf060fd1498fb5c6c.jpg,glass,1,train\_classes.csv
train\Image_49_png.rf.d26e2bec766227327f1152aa36b561da.jpg,train,Image_49_png.rf.d26e2bec766227327f1152aa36b561da.jpg,polythene,1,train\_classes.csv
train\Image_4_png.rf.30744f73e5cbb9f79410237769bc5b7d.jpg,train,Image_4_png.rf.30744f73e5cbb9f79410237769bc5b7d.jpg,"glass, organic, steel",3,train\_classes.csv
train\Image_4_png.rf.5b6b81b7a4efa76bb144bfe148c778e6.jpg,train,Image_4_png.rf.5b6b81b7a4efa76bb144bfe148c778e6.jpg,organic,1,train\_classes.csv
train\Image_4_png.rf.6f13a1f06e97d2dacf12553bae84b3ae.jpg,train,Image_4_png.rf.6f13a1f06e97d2dacf12553bae84b3ae.jpg,plastic,1,train\_classes.csv
train\Image_4_png.rf.985ab9620efd7e501344f27c47712805.jpg,train,Image_4_png.rf.985ab9620efd7e501344f27c47712805.jpg,plastic,1,train\_classes.csv
train\Image_4_png.rf.d9478ba09776b50599a815ee26127809.jpg,train,Image_4_png.rf.d9478ba09776b50599a815ee26127809.jpg,aluminium,1,train\_classes.csv
train\Image_50_png.rf.5a0b01b4b70c37cb7b6c2ebd697ce2c9.jpg,train,Image_50_png.rf.5a0b01b4b70c37cb7b6c2ebd697ce2c9.jpg,organic,1,train\_classes.csv
train\Image_50_png.rf.be332639a54a4beeb7217de16638181f.jpg,train,Image_50_png.rf.be332639a54a4beeb7217de16638181f.jpg,aluminium,1,train\_classes.csv
train\Image_51_png.rf.9c11b45263177a48461ee333a9721277.jpg,train,Image_51_png.rf.9c11b45263177a48461ee333a9721277.jpg,"glass, plastic",2,train\_classes.csv
train\Image_52_png.rf.4a1e1c67ecf3d94c2d62347ba1cfb94f.jpg,train,Image_52_png.rf.4a1e1c67ecf3d94c2d62347ba1cfb94f.jpg,organic,1,train\_classes.csv
train\Image_52_png.rf.d8df015433cd9190f95b4ca7e7780086.jpg,train,Image_52_png.rf.d8df015433cd9190f95b4ca7e7780086.jpg,glass,1,train\_classes.csv
train\Image_53_png.rf.992971e84a997bf6b3dab30582c948bb.jpg,train,Image_53_png.rf.992971e84a997bf6b3dab30582c948bb.jpg,organic,1,train\_classes.csv
train\Image_53_png.rf.bf98ff07e5b1cd4e4dba5bd85a6d5402.jpg,train,Image_53_png.rf.bf98ff07e5b1cd4e4dba5bd85a6d5402.jpg,glass,1,train\_classes.csv
train\Image_53_png.rf.c804fe0834eeee426b92445563fdc77e.jpg,train,Image_53_png.rf.c804fe0834eeee426b92445563fdc77e.jpg,plastic,1,train\_classes.csv
train\Image_54_png.rf.741e06b9a9a60d8ee160ff9e243d698e.jpg,train,Image_54_png.rf.741e06b9a9a60d8ee160ff9e243d698e.jpg,glass,1,train\_classes.csv
train\Image_54_png.rf.93fe93ba4f8db18b72e1e8c40d8f81f0.jpg,train,Image_54_png.rf.93fe93ba4f8db18b72e1e8c40d8f81f0.jpg,aluminium,1,train\_classes.csv
train\Image_55_png.rf.69f3e21f448b97de01917abb094e5204.jpg,train,Image_55_png.rf.69f3e21f448b97de01917abb094e5204.jpg,"glass, organic",2,train\_classes.csv
train\Image_55_png.rf.d909d0c0ad27ac1c34cf4b4960514f48.jpg,train,Image_55_png.rf.d909d0c0ad27ac1c34cf4b4960514f48.jpg,plastic,1,train\_classes.csv
train\Image_56_png.rf.1bf734a0488a517c97a95a6a7ace5f24.jpg,train,Image_56_png.rf.1bf734a0488a517c97a95a6a7ace5f24.jpg,"glass, plastic",2,train\_classes.csv
train\Image_56_png.rf.e3f1c8d72a874450f30bd7e1d651cf0c.jpg,train,Image_56_png.rf.e3f1c8d72a874450f30bd7e1d651cf0c.jpg,organic,1,train\_classes.csv
train\Image_57_png.rf.5a865276b1dce92afd13c452b366f2ff.jpg,train,Image_57_png.rf.5a865276b1dce92afd13c452b366f2ff.jpg,plastic,1,train\_classes.csv
train\Image_57_png.rf.71644002c306d6ec643cd1cf75358812.jpg,train,Image_57_png.rf.71644002c306d6ec643cd1cf75358812.jpg,organic,1,train\_classes.csv
train\Image_58_png.rf.4f01fe9fbf58bb599c15d5b9ec6e067e.jpg,train,Image_58_png.rf.4f01fe9fbf58bb599c15d5b9ec6e067e.jpg,aluminium,1,train\_classes.csv
train\Image_58_png.rf.55b6f3ac3dc16576ceb6b0fb5dfbb91f.jpg,train,Image_58_png.rf.55b6f3ac3dc16576ceb6b0fb5dfbb91f.jpg,organic,1,train\_classes.csv
train\Image_58_png.rf.6bae6967c334df9a306b1f6750ac458c.jpg,train,Image_58_png.rf.6bae6967c334df9a306b1f6750ac458c.jpg,steel,1,train\_classes.csv
train\Image_58_png.rf.adaa5d1c12489e8b54a05ce7969c7a45.jpg,train,Image_58_png.rf.adaa5d1c12489e8b54a05ce7969c7a45.jpg,glass,1,train\_classes.csv
train\Image_59_png.rf.020f53e845fd2dee6cadb183cfcf5999.jpg,train,Image_59_png.rf.020f53e845fd2dee6cadb183cfcf5999.jpg,steel,1,train\_classes.csv
train\Image_59_png.rf.1c967717d050b21b5a47c5e3b24923b9.jpg,train,Image_59_png.rf.1c967717d050b21b5a47c5e3b24923b9.jpg,glass,1,train\_classes.csv
train\Image_59_png.rf.f21d3a2fae2c71c0ca4e7187d70f9997.jpg,train,Image_59_png.rf.f21d3a2fae2c71c0ca4e7187d70f9997.jpg,plastic,1,train\_classes.csv
train\Image_5_png.rf.009f62ecc92a1f5ef4a545221594e1cc.jpg,train,Image_5_png.rf.009f62ecc92a1f5ef4a545221594e1cc.jpg,glass,1,train\_classes.csv
train\Image_5_png.rf.4f144f9e029fd94f5d7d5915366e4379.jpg,train,Image_5_png.rf.4f144f9e029fd94f5d7d5915366e4379.jpg,aluminium,1,train\_classes.csv
train\Image_5_png.rf.8a596b73832078fbcacba506e9dac650.jpg,train,Image_5_png.rf.8a596b73832078fbcacba506e9dac650.jpg,plastic,1,train\_classes.csv
train\Image_60_png.rf.64b4b2f1c837d26798a9f3062a20595f.jpg,train,Image_60_png.rf.64b4b2f1c837d26798a9f3062a20595f.jpg,glass,1,train\_classes.csv
train\Image_60_png.rf.f61e508fd92ff91ce07a57466af06db4.jpg,train,Image_60_png.rf.f61e508fd92ff91ce07a57466af06db4.jpg,organic,1,train\_classes.csv
train\Image_61_png.rf.9d8581647edccd3d04387b0bc780dbb2.jpg,train,Image_61_png.rf.9d8581647edccd3d04387b0bc780dbb2.jpg,organic,1,train\_classes.csv
train\Image_61_png.rf.c763a35c6d193f284062f77a903bfa97.jpg,train,Image_61_png.rf.c763a35c6d193f284062f77a903bfa97.jpg,glass,1,train\_classes.csv
train\Image_61_png.rf.ff13e82f5499c04f4638334ca824bac5.jpg,train,Image_61_png.rf.ff13e82f5499c04f4638334ca824bac5.jpg,aluminium,1,train\_classes.csv
train\Image_62_png.rf.9a733d0503d2a984010277a4c53ee5ef.jpg,train,Image_62_png.rf.9a733d0503d2a984010277a4c53ee5ef.jpg,glass,1,train\_classes.csv
train\Image_62_png.rf.b073f8e9e7054d524299c0b8b2ea3ab4.jpg,train,Image_62_png.rf.b073f8e9e7054d524299c0b8b2ea3ab4.jpg,organic,1,train\_classes.csv
train\Image_62_png.rf.ea48f8a3e1eeebc57939edd90b32eb8f.jpg,train,Image_62_png.rf.ea48f8a3e1eeebc57939edd90b32eb8f.jpg,polythene,1,train\_classes.csv
train\Image_63_png.rf.579899cd7aec2e3e954aea76bddfd6df.jpg,train,Image_63_png.rf.579899cd7aec2e3e954aea76bddfd6df.jpg,steel,1,train\_classes.csv
train\Image_63_png.rf.7424c30a5b74bfce4f5a33ab53550a71.jpg,train,Image_63_png.rf.7424c30a5b74bfce4f5a33ab53550a71.jpg,plastic,1,train\_classes.csv
train\Image_64_png.rf.2877c44a6076ee8f7ae3e994bb7555c9.jpg,train,Image_64_png.rf.2877c44a6076ee8f7ae3e994bb7555c9.jpg,aluminium,1,train\_classes.csv
train\Image_65_png.rf.29f766868a3ee0fa218409d7e2ef9459.jpg,train,Image_65_png.rf.29f766868a3ee0fa218409d7e2ef9459.jpg,glass,1,train\_classes.csv
train\Image_66_png.rf.2196eeecc60caff76e7cf920dfac22fb.jpg,train,Image_66_png.rf.2196eeecc60caff76e7cf920dfac22fb.jpg,polythene,1,train\_classes.csv
train\Image_66_png.rf.9a133b9e975efd889a600a745df5c312.jpg,train,Image_66_png.rf.9a133b9e975efd889a600a745df5c312.jpg,steel,1,train\_classes.csv
train\Image_66_png.rf.9e108d2bb7aeb8d315b7a22642b94cd8.jpg,train,Image_66_png.rf.9e108d2bb7aeb8d315b7a22642b94cd8.jpg,glass,1,train\_classes.csv
train\Image_66_png.rf.a5d7bdfe588a754122e6c7186372dbb3.jpg,train,Image_66_png.rf.a5d7bdfe588a754122e6c7186372dbb3.jpg,organic,1,train\_classes.csv
train\Image_67_png.rf.c5a21b7db3bf48a1670c701292d99b47.jpg,train,Image_67_png.rf.c5a21b7db3bf48a1670c701292d99b47.jpg,polythene,1,train\_classes.csv
train\Image_68_png.rf.8d6cf1fadfe789c263163ed27a6852ba.jpg,train,Image_68_png.rf.8d6cf1fadfe789c263163ed27a6852ba.jpg,polythene,1,train\_classes.csv
train\Image_69_png.rf.6871498e34e8b37cd7a8f1515ea58116.jpg,train,Image_69_png.rf.6871498e34e8b37cd7a8f1515ea58116.jpg,aluminium,1,train\_classes.csv
train\Image_69_png.rf.915901b54e4c7d68e88725eb7c27d154.jpg,train,Image_69_png.rf.915901b54e4c7d68e88725eb7c27d154.jpg,glass,1,train\_classes.csv
train\Image_6_png.rf.e28bbc7e44f99bce77e6d70e8bb2f313.jpg,train,Image_6_png.rf.e28bbc7e44f99bce77e6d70e8bb2f313.jpg,organic,1,train\_classes.csv
train\Image_70_png.rf.1b4485e63092eca20ab74cf00203e95e.jpg,train,Image_70_png.rf.1b4485e63092eca20ab74cf00203e95e.jpg,steel,1,train\_classes.csv
train\Image_70_png.rf.3fbe3998561d98bedc6d9ad8d4904461.jpg,train,Image_70_png.rf.3fbe3998561d98bedc6d9ad8d4904461.jpg,glass,1,train\_classes.csv
train\Image_71_png.rf.c051e670cc0b378b573da4e1e63792b4.jpg,train,Image_71_png.rf.c051e670cc0b378b573da4e1e63792b4.jpg,polythene,1,train\_classes.csv
train\Image_72_png.rf.07852a34328a91c83e0ba03a123f493e.jpg,train,Image_72_png.rf.07852a34328a91c83e0ba03a123f493e.jpg,glass,1,train\_classes.csv
train\Image_72_png.rf.2067d3d1f548f29cb94ba8e77d8db8f9.jpg,train,Image_72_png.rf.2067d3d1f548f29cb94ba8e77d8db8f9.jpg,aluminium,1,train\_classes.csv
train\Image_72_png.rf.7ac953340d209a0e1d93f9d2cc856628.jpg,train,Image_72_png.rf.7ac953340d209a0e1d93f9d2cc856628.jpg,polythene,1,train\_classes.csv
train\Image_73_png.rf.91e62e4cade4b1407f31af3b6d63414c.jpg,train,Image_73_png.rf.91e62e4cade4b1407f31af3b6d63414c.jpg,glass,1,train\_classes.csv
train\Image_74_png.rf.0c8f3f96981cb190f68c3933f35ee07d.jpg,train,Image_74_png.rf.0c8f3f96981cb190f68c3933f35ee07d.jpg,organic,1,train\_classes.csv
train\Image_74_png.rf.604e583be5706ea834e58c11d9704014.jpg,train,Image_74_png.rf.604e583be5706ea834e58c11d9704014.jpg,polythene,1,train\_classes.csv
train\Image_74_png.rf.716f3ffa930308f1252cf728c5f9f142.jpg,train,Image_74_png.rf.716f3ffa930308f1252cf728c5f9f142.jpg,glass,1,train\_classes.csv
train\Image_74_png.rf.b8e8cf8c1b7ebca7d2fad789d9ed61c9.jpg,train,Image_74_png.rf.b8e8cf8c1b7ebca7d2fad789d9ed61c9.jpg,paper,1,train\_classes.csv
train\Image_75_png.rf.f012815a5193fa3679bcb3ca167e6991.jpg,train,Image_75_png.rf.f012815a5193fa3679bcb3ca167e6991.jpg,steel,1,train\_classes.csv
train\Image_77_png.rf.0eb22d8af05d2990713a8936de34e7cf.jpg,train,Image_77_png.rf.0eb22d8af05d2990713a8936de34e7cf.jpg,glass,1,train\_classes.csv
train\Image_77_png.rf.d0114137dc77317660d54d521645e07f.jpg,train,Image_77_png.rf.d0114137dc77317660d54d521645e07f.jpg,steel,1,train\_classes.csv
train\Image_78_png.rf.46ca76ed678eb956a512b9125003ee9a.jpg,train,Image_78_png.rf.46ca76ed678eb956a512b9125003ee9a.jpg,polythene,1,train\_classes.csv
train\Image_78_png.rf.490887671bcb0fc3efdcb3a0aa4fe5bc.jpg,train,Image_78_png.rf.490887671bcb0fc3efdcb3a0aa4fe5bc.jpg,steel,1,train\_classes.csv
train\Image_78_png.rf.5eab12d81bc088e7f63db53325958ef9.jpg,train,Image_78_png.rf.5eab12d81bc088e7f63db53325958ef9.jpg,organic,1,train\_classes.csv
train\Image_79_png.rf.d5eca170e7a080222a15591b0a7753a3.jpg,train,Image_79_png.rf.d5eca170e7a080222a15591b0a7753a3.jpg,polythene,1,train\_classes.csv
train\Image_7_png.rf.39101eb8e53058125396de2d448c6556.jpg,train,Image_7_png.rf.39101eb8e53058125396de2d448c6556.jpg,"organic, steel",2,train\_classes.csv
train\Image_7_png.rf.527ba34f637e8e6cdd6ac80ab250e9d3.jpg,train,Image_7_png.rf.527ba34f637e8e6cdd6ac80ab250e9d3.jpg,plastic,1,train\_classes.csv
train\Image_7_png.rf.7bc6b93e7f7879aafb410e7f91d6735b.jpg,train,Image_7_png.rf.7bc6b93e7f7879aafb410e7f91d6735b.jpg,aluminium,1,train\_classes.csv
train\Image_7_png.rf.9e06fa13cdbebbf32dfd8abc7627dd32.jpg,train,Image_7_png.rf.9e06fa13cdbebbf32dfd8abc7627dd32.jpg,glass,1,train\_classes.csv
train\Image_80_png.rf.5e65b22470f534a93d2b32f8bc34e833.jpg,train,Image_80_png.rf.5e65b22470f534a93d2b32f8bc34e833.jpg,glass,1,train\_classes.csv
train\Image_81_png.rf.507159c302b82853666f82047fe16950.jpg,train,Image_81_png.rf.507159c302b82853666f82047fe16950.jpg,polythene,1,train\_classes.csv
train\Image_84_png.rf.7bed68a5e2fcc7c541bcd184911e5c2b.jpg,train,Image_84_png.rf.7bed68a5e2fcc7c541bcd184911e5c2b.jpg,"glass, steel",2,train\_classes.csv
train\Image_84_png.rf.7efd484211d3b4312363e78081df748b.jpg,train,Image_84_png.rf.7efd484211d3b4312363e78081df748b.jpg,polythene,1,train\_classes.csv
train\Image_86_png.rf.3f3bc9eb2516858bf08ddecf85b825b2.jpg,train,Image_86_png.rf.3f3bc9eb2516858bf08ddecf85b825b2.jpg,glass,1,train\_classes.csv
train\Image_86_png.rf.b76cba25ca8effdc183947021129c00d.jpg,train,Image_86_png.rf.b76cba25ca8effdc183947021129c00d.jpg,paper,1,train\_classes.csv
train\Image_87_png.rf.feb2fd2153bd6120939655a0ed43b888.jpg,train,Image_87_png.rf.feb2fd2153bd6120939655a0ed43b888.jpg,glass,1,train\_classes.csv
train\Image_88_png.rf.e65295620f7fed16cc9011970cf30d20.jpg,train,Image_88_png.rf.e65295620f7fed16cc9011970cf30d20.jpg,paper,1,train\_classes.csv
train\Image_8_png.rf.0f264281e74c612bee05bff353d71c51.jpg,train,Image_8_png.rf.0f264281e74c612bee05bff353d71c51.jpg,steel,1,train\_classes.csv
train\Image_8_png.rf.52b9d084361f80945a87c36f748395ed.jpg,train,Image_8_png.rf.52b9d084361f80945a87c36f748395ed.jpg,glass,1,train\_classes.csv
train\Image_8_png.rf.b331a6944adf7a4d7fb060dda3e6ef00.jpg,train,Image_8_png.rf.b331a6944adf7a4d7fb060dda3e6ef00.jpg,organic,1,train\_classes.csv
train\Image_90_png.rf.d1c91e894c60218e165b73b7c2ee06a0.jpg,train,Image_90_png.rf.d1c91e894c60218e165b73b7c2ee06a0.jpg,organic,1,train\_classes.csv
train\Image_91_png.rf.1c9b13c0ed10c016190ff86d4d695ce9.jpg,train,Image_91_png.rf.1c9b13c0ed10c016190ff86d4d695ce9.jpg,steel,1,train\_classes.csv
train\Image_91_png.rf.dc689912e3c6e052e2b19e0c4a634e31.jpg,train,Image_91_png.rf.dc689912e3c6e052e2b19e0c4a634e31.jpg,paper,1,train\_classes.csv
train\Image_92_png.rf.2fe7e1d99bd68ae9ede6d4de728a83fb.jpg,train,Image_92_png.rf.2fe7e1d99bd68ae9ede6d4de728a83fb.jpg,paper,1,train\_classes.csv
train\Image_92_png.rf.d64e9ef249fcbf35e77fb7a73fec1069.jpg,train,Image_92_png.rf.d64e9ef249fcbf35e77fb7a73fec1069.jpg,glass,1,train\_classes.csv
train\Image_92_png.rf.fe0d0f7b5753d6a3a435e9e967ea6985.jpg,train,Image_92_png.rf.fe0d0f7b5753d6a3a435e9e967ea6985.jpg,glass,1,train\_classes.csv
train\Image_93_png.rf.7b9eee62444a1c6f156bb19e58ff751c.jpg,train,Image_93_png.rf.7b9eee62444a1c6f156bb19e58ff751c.jpg,steel,1,train\_classes.csv
train\Image_94_png.rf.8229f8a1ec34c5eaab84e24e9a82633b.jpg,train,Image_94_png.rf.8229f8a1ec34c5eaab84e24e9a82633b.jpg,glass,1,train\_classes.csv
train\Image_94_png.rf.d5005cf9cd2bf5d97cd99e2ad6eb892d.jpg,train,Image_94_png.rf.d5005cf9cd2bf5d97cd99e2ad6eb892d.jpg,steel,1,train\_classes.csv
train\Image_95_png.rf.1a74dad79fa473c4f095186542e7b75e.jpg,train,Image_95_png.rf.1a74dad79fa473c4f095186542e7b75e.jpg,steel,1,train\_classes.csv
train\Image_95_png.rf.792d75937254e9ad60c3b24b98ece45d.jpg,train,Image_95_png.rf.792d75937254e9ad60c3b24b98ece45d.jpg,glass,1,train\_classes.csv
train\Image_95_png.rf.b60988e38fa05a6662aa5f9184f65101.jpg,train,Image_95_png.rf.b60988e38fa05a6662aa5f9184f65101.jpg,organic,1,train\_classes.csv
train\Image_96_png.rf.a463b032cc1d3267d1e999f031f1a202.jpg,train,Image_96_png.rf.a463b032cc1d3267d1e999f031f1a202.jpg,glass,1,train\_classes.csv
train\Image_97_png.rf.17720518fd3f8068a681af82d88a3626.jpg,train,Image_97_png.rf.17720518fd3f8068a681af82d88a3626.jpg,organic,1,train\_classes.csv
train\Image_97_png.rf.8d6afae502a8e3dc171e6d7c93e175fc.jpg,train,Image_97_png.rf.8d6afae502a8e3dc171e6d7c93e175fc.jpg,steel,1,train\_classes.csv
train\Image_97_png.rf.fd4c0f7382be3d271046aead74fa85b5.jpg,train,Image_97_png.rf.fd4c0f7382be3d271046aead74fa85b5.jpg,glass,1,train\_classes.csv
train\Image_99_png.rf.4241c366e34c40a6a8ad7fce40bf300a.jpg,train,Image_99_png.rf.4241c366e34c40a6a8ad7fce40bf300a.jpg,glass,1,train\_classes.csv
train\Image_9_png.rf.1f00c03201875b6b7b9ca638efdeb5f0.jpg,train,Image_9_png.rf.1f00c03201875b6b7b9ca638efdeb5f0.jpg,"glass, organic",2,train\_classes.csv
train\Image_9_png.rf.b1e03fa3696fed7c526e5eaf29e834d3.jpg,train,Image_9_png.rf.b1e03fa3696fed7c526e5eaf29e834d3.jpg,plastic,1,train\_classes.csv
train\Image_9_png.rf.e1e7dd45446504f09447d04e016f1649.jpg,train,Image_9_png.rf.e1e7dd45446504f09447d04e016f1649.jpg,organic,1,train\_classes.csv
valid\Image_102_png.rf.0c5c7ae6923e3aa4ed2e070f36c0d7d9.jpg,valid,Image_102_png.rf.0c5c7ae6923e3aa4ed2e070f36c0d7d9.jpg,organic,1,valid\_classes.csv
valid\Image_103_png.rf.3304b291cec52e1b3808758173634361.jpg,valid,Image_103_png.rf.3304b291cec52e1b3808758173634361.jpg,organic,1,valid\_classes.csv
valid\Image_104_png.rf.874cb116b257dcd2cd55b54ad46c481d.jpg,valid,Image_104_png.rf.874cb116b257dcd2cd55b54ad46c481d.jpg,aluminium,1,valid\_classes.csv
valid\Image_104_png.rf.ff98d6d64771a89becaed870b13d5969.jpg,valid,Image_104_png.rf.ff98d6d64771a89becaed870b13d5969.jpg,paper,1,valid\_classes.csv
valid\Image_105_png.rf.08aa4b31d7d42af3d3c14848791b43c5.jpg,valid,Image_105_png.rf.08aa4b31d7d42af3d3c14848791b43c5.jpg,glass,1,valid\_classes.csv
valid\Image_105_png.rf.4ef671c3807e1141c142e4bc27ae1aab.jpg,valid,Image_105_png.rf.4ef671c3807e1141c142e4bc27ae1aab.jpg,organic,1,valid\_classes.csv
valid\Image_108_png.rf.98bc8d41bada6fe85f82638d8f62afa3.jpg,valid,Image_108_png.rf.98bc8d41bada6fe85f82638d8f62afa3.jpg,glass,1,valid\_classes.csv
valid\Image_111_png.rf.f7fd38b316372b7a6d73fc55ab606b9d.jpg,valid,Image_111_png.rf.f7fd38b316372b7a6d73fc55ab606b9d.jpg,polythene,1,valid\_classes.csv
valid\Image_113_png.rf.327827f7c56081f209c81ae39fe428ec.jpg,valid,Image_113_png.rf.327827f7c56081f209c81ae39fe428ec.jpg,plastic,1,valid\_classes.csv
valid\Image_114_png.rf.e47615f4e5d199f46395f37f9e061ae5.jpg,valid,Image_114_png.rf.e47615f4e5d199f46395f37f9e061ae5.jpg,glass,1,valid\_classes.csv
valid\Image_116_png.rf.967a3e56314431ae172ade2daf082631.jpg,valid,Image_116_png.rf.967a3e56314431ae172ade2daf082631.jpg,polythene,1,valid\_classes.csv
valid\Image_118_png.rf.20018e7d5b91124c721f7a63aa49f1ae.jpg,valid,Image_118_png.rf.20018e7d5b91124c721f7a63aa49f1ae.jpg,plastic,1,valid\_classes.csv
valid\Image_118_png.rf.9001f3cd15d691b874fa149539d824e2.jpg,valid,Image_118_png.rf.9001f3cd15d691b874fa149539d824e2.jpg,polythene,1,valid\_classes.csv
valid\Image_11_png.rf.21ff8d176777d783352736d4bf317cd5.jpg,valid,Image_11_png.rf.21ff8d176777d783352736d4bf317cd5.jpg,glass,1,valid\_classes.csv
valid\Image_121_png.rf.0d0b88ea68cba52f7f05feb4e165ec88.jpg,valid,Image_121_png.rf.0d0b88ea68cba52f7f05feb4e165ec88.jpg,glass,1,valid\_classes.csv
valid\Image_122_png.rf.5c7e4c7a1d16b8133f79034311eb6062.jpg,valid,Image_122_png.rf.5c7e4c7a1d16b8133f79034311eb6062.jpg,plastic,1,valid\_classes.csv
valid\Image_122_png.rf.6b699061fb5c6b17e6b0329b48587b57.jpg,valid,Image_122_png.rf.6b699061fb5c6b17e6b0329b48587b57.jpg,organic,1,valid\_classes.csv
valid\Image_124_png.rf.1b2cfb1555b2904582049c0f85fd9129.jpg,valid,Image_124_png.rf.1b2cfb1555b2904582049c0f85fd9129.jpg,glass,1,valid\_classes.csv
valid\Image_124_png.rf.af340342ccc701397b09375bfd897cab.jpg,valid,Image_124_png.rf.af340342ccc701397b09375bfd897cab.jpg,"glass, plastic",2,valid\_classes.csv
valid\Image_127_png.rf.66e8f829bdda04c0dd24bd16751c7294.jpg,valid,Image_127_png.rf.66e8f829bdda04c0dd24bd16751c7294.jpg,glass,1,valid\_classes.csv
valid\Image_128_png.rf.d9c581a8912818f06223017598cb6931.jpg,valid,Image_128_png.rf.d9c581a8912818f06223017598cb6931.jpg,glass,1,valid\_classes.csv
valid\Image_12_png.rf.58cc3c6bc5f98c2d8150fb26c73a58bb.jpg,valid,Image_12_png.rf.58cc3c6bc5f98c2d8150fb26c73a58bb.jpg,"organic, steel",2,valid\_classes.csv
valid\Image_130_png.rf.7ac25179572163b9b2bef02e0aa851d9.jpg,valid,Image_130_png.rf.7ac25179572163b9b2bef02e0aa851d9.jpg,glass,1,valid\_classes.csv
valid\Image_131_png.rf.cec5501b3096299204b7e02a5204b583.jpg,valid,Image_131_png.rf.cec5501b3096299204b7e02a5204b583.jpg,paper,1,valid\_classes.csv
valid\Image_133_png.rf.64c4c6a39c885b7f0e04100247675d3d.jpg,valid,Image_133_png.rf.64c4c6a39c885b7f0e04100247675d3d.jpg,glass,1,valid\_classes.csv
valid\Image_134_png.rf.28939b56c25dab594d98412537ee9835.jpg,valid,Image_134_png.rf.28939b56c25dab594d98412537ee9835.jpg,plastic,1,valid\_classes.csv
valid\Image_138_png.rf.b91ceacb582e0724962790463a0fbe2a.jpg,valid,Image_138_png.rf.b91ceacb582e0724962790463a0fbe2a.jpg,polythene,1,valid\_classes.csv
valid\Image_13_png.rf.ac0da3d845753c3493b33788b7c93527.jpg,valid,Image_13_png.rf.ac0da3d845753c3493b33788b7c93527.jpg,glass,1,valid\_classes.csv
valid\Image_140_png.rf.84c2a1b4ae5b08c19b4ddea8a7a188cf.jpg,valid,Image_140_png.rf.84c2a1b4ae5b08c19b4ddea8a7a188cf.jpg,plastic,1,valid\_classes.csv
valid\Image_140_png.rf.c74811f039040c4df3587040fdd05d54.jpg,valid,Image_140_png.rf.c74811f039040c4df3587040fdd05d54.jpg,plastic,1,valid\_classes.csv
valid\Image_141_png.rf.180a7ded11de16a39c0cc99e88d1d539.jpg,valid,Image_141_png.rf.180a7ded11de16a39c0cc99e88d1d539.jpg,organic,1,valid\_classes.csv
valid\Image_141_png.rf.96c2403391c5e8fa277f107b4718af4a.jpg,valid,Image_141_png.rf.96c2403391c5e8fa277f107b4718af4a.jpg,steel,1,valid\_classes.csv
valid\Image_143_png.rf.2fc1248292fbe34ea398e3fa5f069aed.jpg,valid,Image_143_png.rf.2fc1248292fbe34ea398e3fa5f069aed.jpg,organic,1,valid\_classes.csv
valid\Image_145_png.rf.cb962dc44c8eda54ac11e16af624f428.jpg,valid,Image_145_png.rf.cb962dc44c8eda54ac11e16af624f428.jpg,organic,1,valid\_classes.csv
valid\Image_149_png.rf.03d42d6f0edb7fda73cc241d696821b0.jpg,valid,Image_149_png.rf.03d42d6f0edb7fda73cc241d696821b0.jpg,plastic,1,valid\_classes.csv
valid\Image_149_png.rf.425ce241417c32f4229a83cbef7e407d.jpg,valid,Image_149_png.rf.425ce241417c32f4229a83cbef7e407d.jpg,glass,1,valid\_classes.csv
valid\Image_14_png.rf.73bc2e102fadc4e4d293482bf2f064e8.jpg,valid,Image_14_png.rf.73bc2e102fadc4e4d293482bf2f064e8.jpg,organic,1,valid\_classes.csv
valid\Image_14_png.rf.8543135df1203e59043c9cda3cb3f118.jpg,valid,Image_14_png.rf.8543135df1203e59043c9cda3cb3f118.jpg,steel,1,valid\_classes.csv
valid\Image_14_png.rf.e8a89fd00cc107a89f3ed34d2e9b04ce.jpg,valid,Image_14_png.rf.e8a89fd00cc107a89f3ed34d2e9b04ce.jpg,glass,1,valid\_classes.csv
valid\Image_150_png.rf.5f920dab4de601a7b24bbeae05095036.jpg,valid,Image_150_png.rf.5f920dab4de601a7b24bbeae05095036.jpg,organic,1,valid\_classes.csv
valid\Image_150_png.rf.b10372d6e916c7d847f8dacfa968dc06.jpg,valid,Image_150_png.rf.b10372d6e916c7d847f8dacfa968dc06.jpg,polythene,1,valid\_classes.csv
valid\Image_152_png.rf.cfb7fa31fad1550b5baf807303acd43a.jpg,valid,Image_152_png.rf.cfb7fa31fad1550b5baf807303acd43a.jpg,plastic,1,valid\_classes.csv
valid\Image_153_png.rf.78e496261b3d4a6a5e7a0867050c9b79.jpg,valid,Image_153_png.rf.78e496261b3d4a6a5e7a0867050c9b79.jpg,glass,1,valid\_classes.csv
valid\Image_155_png.rf.87d3dd244f1f63045261d2f7b65f767a.jpg,valid,Image_155_png.rf.87d3dd244f1f63045261d2f7b65f767a.jpg,aluminium,1,valid\_classes.csv
valid\Image_156_png.rf.48b3e04c5dcd59fbd2caf8d34f40cc76.jpg,valid,Image_156_png.rf.48b3e04c5dcd59fbd2caf8d34f40cc76.jpg,polythene,1,valid\_classes.csv
valid\Image_159_png.rf.f2653368d269e98fb25cd8dc6d5b6336.jpg,valid,Image_159_png.rf.f2653368d269e98fb25cd8dc6d5b6336.jpg,steel,1,valid\_classes.csv
valid\Image_15_png.rf.eef1830fb1bb8ed8e7c34103889d3c4d.jpg,valid,Image_15_png.rf.eef1830fb1bb8ed8e7c34103889d3c4d.jpg,glass,1,valid\_classes.csv
valid\Image_160_png.rf.6799d3c60497c0bcfe42af46627d2719.jpg,valid,Image_160_png.rf.6799d3c60497c0bcfe42af46627d2719.jpg,organic,1,valid\_classes.csv
valid\Image_163_png.rf.996238319dbc3404d018878e6c73022e.jpg,valid,Image_163_png.rf.996238319dbc3404d018878e6c73022e.jpg,plastic,1,valid\_classes.csv
valid\Image_164_png.rf.eb30330a824d435086f44659faf4e3f4.jpg,valid,Image_164_png.rf.eb30330a824d435086f44659faf4e3f4.jpg,paper,1,valid\_classes.csv
valid\Image_167_png.rf.aed2abee131f23f8e9713070c57cebea.jpg,valid,Image_167_png.rf.aed2abee131f23f8e9713070c57cebea.jpg,polythene,1,valid\_classes.csv
valid\Image_168_png.rf.2f8634d2645a0f752a2308583ebb582f.jpg,valid,Image_168_png.rf.2f8634d2645a0f752a2308583ebb582f.jpg,paper,1,valid\_classes.csv
valid\Image_169_png.rf.c9058a9c4ef174693ad75812379b3350.jpg,valid,Image_169_png.rf.c9058a9c4ef174693ad75812379b3350.jpg,organic,1,valid\_classes.csv
valid\Image_16_png.rf.a6b7b3620efefa54c2a78d1f8bcb1142.jpg,valid,Image_16_png.rf.a6b7b3620efefa54c2a78d1f8bcb1142.jpg,organic,1,valid\_classes.csv
valid\Image_173_png.rf.37762e5cfb884667eb65eaf0fb49c893.jpg,valid,Image_173_png.rf.37762e5cfb884667eb65eaf0fb49c893.jpg,polythene,1,valid\_classes.csv
valid\Image_174_png.rf.7e4701554366a48e0818140225f3c835.jpg,valid,Image_174_png.rf.7e4701554366a48e0818140225f3c835.jpg,polythene,1,valid\_classes.csv
valid\Image_177_png.rf.03daf1903dd1e60bd998d3d17248dc0a.jpg,valid,Image_177_png.rf.03daf1903dd1e60bd998d3d17248dc0a.jpg,steel,1,valid\_classes.csv
valid\Image_180_png.rf.e3ab2d95775441320a4d2f94328ee882.jpg,valid,Image_180_png.rf.e3ab2d95775441320a4d2f94328ee882.jpg,steel,1,valid\_classes.csv
valid\Image_187_png.rf.539ee95995c5445022293bd6064839d0.jpg,valid,Image_187_png.rf.539ee95995c5445022293bd6064839d0.jpg,paper,1,valid\_classes.csv
valid\Image_188_png.rf.cf04eb1019d063083ad2a59b56a98826.jpg,valid,Image_188_png.rf.cf04eb1019d063083ad2a59b56a98826.jpg,glass,1,valid\_classes.csv
valid\Image_190_png.rf.051da15006349f2955b496d1a678a88a.jpg,valid,Image_190_png.rf.051da15006349f2955b496d1a678a88a.jpg,organic,1,valid\_classes.csv
valid\Image_191_png.rf.355edd3fbec582ea6a1e4a37b82445d3.jpg,valid,Image_191_png.rf.355edd3fbec582ea6a1e4a37b82445d3.jpg,steel,1,valid\_classes.csv
valid\Image_192_png.rf.7795c5342e8c0e38437966718314cc6f.jpg,valid,Image_192_png.rf.7795c5342e8c0e38437966718314cc6f.jpg,polythene,1,valid\_classes.csv
valid\Image_193_png.rf.6715f55b6f4c644eaf6de854ac79f1af.jpg,valid,Image_193_png.rf.6715f55b6f4c644eaf6de854ac79f1af.jpg,"glass, plastic",2,valid\_classes.csv
valid\Image_195_png.rf.4fd234b552d3457a147b8e01902141e8.jpg,valid,Image_195_png.rf.4fd234b552d3457a147b8e01902141e8.jpg,paper,1,valid\_classes.csv
valid\Image_198_png.rf.c5e1853bbc703684d656b6a1368456b8.jpg,valid,Image_198_png.rf.c5e1853bbc703684d656b6a1368456b8.jpg,organic,1,valid\_classes.csv
valid\Image_199_png.rf.968d58a556af413d5cc400957a4a4b86.jpg,valid,Image_199_png.rf.968d58a556af413d5cc400957a4a4b86.jpg,plastic,1,valid\_classes.csv
valid\Image_19_png.rf.492d08a543170e5e03dd337075cc3e11.jpg,valid,Image_19_png.rf.492d08a543170e5e03dd337075cc3e11.jpg,organic,1,valid\_classes.csv
valid\Image_1_png.rf.f959c8a5d36b8258d8eb5aa2436fa93a.jpg,valid,Image_1_png.rf.f959c8a5d36b8258d8eb5aa2436fa93a.jpg,glass,1,valid\_classes.csv
valid\Image_206_png.rf.7f98184c52dfd4f2c9f73706c40e8bea.jpg,valid,Image_206_png.rf.7f98184c52dfd4f2c9f73706c40e8bea.jpg,organic,1,valid\_classes.csv
valid\Image_207_png.rf.ce38cdd7a360200221ae7b9a6e9f1f49.jpg,valid,Image_207_png.rf.ce38cdd7a360200221ae7b9a6e9f1f49.jpg,steel,1,valid\_classes.csv
valid\Image_208_png.rf.83e798eff8d8dd86133301f6da7690ae.jpg,valid,Image_208_png.rf.83e798eff8d8dd86133301f6da7690ae.jpg,organic,1,valid\_classes.csv
valid\Image_208_png.rf.d94a3fac2c675ea5c3a2840ffde4cce4.jpg,valid,Image_208_png.rf.d94a3fac2c675ea5c3a2840ffde4cce4.jpg,steel,1,valid\_classes.csv
valid\Image_209_png.rf.2284fa0c3bc34d68832995c5553d8fa4.jpg,valid,Image_209_png.rf.2284fa0c3bc34d68832995c5553d8fa4.jpg,paper,1,valid\_classes.csv
valid\Image_20_png.rf.54bed71cf5e9cd302349cd881282390a.jpg,valid,Image_20_png.rf.54bed71cf5e9cd302349cd881282390a.jpg,aluminium,1,valid\_classes.csv
valid\Image_212_png.rf.7d99452f106c8279a68bf0297744b67b.jpg,valid,Image_212_png.rf.7d99452f106c8279a68bf0297744b67b.jpg,steel,1,valid\_classes.csv
valid\Image_217_png.rf.69681e37a2328a6d9a77ca562e132e95.jpg,valid,Image_217_png.rf.69681e37a2328a6d9a77ca562e132e95.jpg,"glass, steel",2,valid\_classes.csv
valid\Image_21_png.rf.8e449b3add30739b28d1a9a76ae49028.jpg,valid,Image_21_png.rf.8e449b3add30739b28d1a9a76ae49028.jpg,polythene,1,valid\_classes.csv
valid\Image_221_png.rf.d2fddd8eab0e60baef4f4fa52b39a4aa.jpg,valid,Image_221_png.rf.d2fddd8eab0e60baef4f4fa52b39a4aa.jpg,polythene,1,valid\_classes.csv
valid\Image_221_png.rf.d8fd66da7a54bc7741dee1dc6ddc7672.jpg,valid,Image_221_png.rf.d8fd66da7a54bc7741dee1dc6ddc7672.jpg,paper,1,valid\_classes.csv
valid\Image_224_png.rf.9c1adb48cc3902c5ea439ddfad6af291.jpg,valid,Image_224_png.rf.9c1adb48cc3902c5ea439ddfad6af291.jpg,paper,1,valid\_classes.csv
valid\Image_229_png.rf.298eaa5dda8ab3898fbadc93bc76c0d0.jpg,valid,Image_229_png.rf.298eaa5dda8ab3898fbadc93bc76c0d0.jpg,paper,1,valid\_classes.csv
valid\Image_22_png.rf.1014bc995d2562ef30012c3833233b12.jpg,valid,Image_22_png.rf.1014bc995d2562ef30012c3833233b12.jpg,organic,1,valid\_classes.csv
valid\Image_22_png.rf.68796a2b827be6a635031a2814a141ca.jpg,valid,Image_22_png.rf.68796a2b827be6a635031a2814a141ca.jpg,polythene,1,valid\_classes.csv
valid\Image_22_png.rf.fa6dd2f0efd417f56e96eb477c69c746.jpg,valid,Image_22_png.rf.fa6dd2f0efd417f56e96eb477c69c746.jpg,glass,1,valid\_classes.csv
valid\Image_230_png.rf.60132feedabaa70d75998ed7ec64bbc8.jpg,valid,Image_230_png.rf.60132feedabaa70d75998ed7ec64bbc8.jpg,polythene,1,valid\_classes.csv
valid\Image_231_png.rf.90c89d89e739c4615d6506287098af3e.jpg,valid,Image_231_png.rf.90c89d89e739c4615d6506287098af3e.jpg,steel,1,valid\_classes.csv
valid\Image_235_png.rf.af45ecdc464a0b9fb6251dc6fae12d15.jpg,valid,Image_235_png.rf.af45ecdc464a0b9fb6251dc6fae12d15.jpg,steel,1,valid\_classes.csv
valid\Image_238_png.rf.40cad720d3acb0058aeceaff3d37f5b3.jpg,valid,Image_238_png.rf.40cad720d3acb0058aeceaff3d37f5b3.jpg,paper,1,valid\_classes.csv
valid\Image_23_png.rf.bf745dc930ca908b1f3c3153e92ab39b.jpg,valid,Image_23_png.rf.bf745dc930ca908b1f3c3153e92ab39b.jpg,steel,1,valid\_classes.csv
valid\Image_241_png.rf.a4f8bbe8b0b4655f2ad46bce46cb1e2d.jpg,valid,Image_241_png.rf.a4f8bbe8b0b4655f2ad46bce46cb1e2d.jpg,polythene,1,valid\_classes.csv
valid\Image_241_png.rf.aa14b39b32bd231e21d563c5ff1c99a1.jpg,valid,Image_241_png.rf.aa14b39b32bd231e21d563c5ff1c99a1.jpg,steel,1,valid\_classes.csv
valid\Image_241_png.rf.d6a3dfdda949326d3bd2e624f59c7bb2.jpg,valid,Image_241_png.rf.d6a3dfdda949326d3bd2e624f59c7bb2.jpg,steel,1,valid\_classes.csv
valid\Image_244_png.rf.813b0e06892bffa1592d099866bbb3ac.jpg,valid,Image_244_png.rf.813b0e06892bffa1592d099866bbb3ac.jpg,glass,1,valid\_classes.csv
valid\Image_250_png.rf.5791bb77b286460c16a8e46c8571b141.jpg,valid,Image_250_png.rf.5791bb77b286460c16a8e46c8571b141.jpg,organic,1,valid\_classes.csv
valid\Image_25_png.rf.2050266127343a8101f41c9bb1e89132.jpg,valid,Image_25_png.rf.2050266127343a8101f41c9bb1e89132.jpg,organic,1,valid\_classes.csv
valid\Image_25_png.rf.9a60a1834550d57186dbbd826943a737.jpg,valid,Image_25_png.rf.9a60a1834550d57186dbbd826943a737.jpg,polythene,1,valid\_classes.csv
valid\Image_26_png.rf.db16469ac56c662f127e6859da181768.jpg,valid,Image_26_png.rf.db16469ac56c662f127e6859da181768.jpg,plastic,1,valid\_classes.csv
valid\Image_27_png.rf.3ebe4d87c143e86ff1a5fcb53eaa1fab.jpg,valid,Image_27_png.rf.3ebe4d87c143e86ff1a5fcb53eaa1fab.jpg,glass,1,valid\_classes.csv
valid\Image_28_png.rf.521052a1eefdd29688ddebfc920eb443.jpg,valid,Image_28_png.rf.521052a1eefdd29688ddebfc920eb443.jpg,aluminium,1,valid\_classes.csv
valid\Image_28_png.rf.b7cd57aaa0e95e1a47cfe4d3ad25fd0b.jpg,valid,Image_28_png.rf.b7cd57aaa0e95e1a47cfe4d3ad25fd0b.jpg,organic,1,valid\_classes.csv
valid\Image_2_png.rf.bb912101f399b8401d3c5c9295409690.jpg,valid,Image_2_png.rf.bb912101f399b8401d3c5c9295409690.jpg,plastic,1,valid\_classes.csv
valid\Image_30_png.rf.421f468295a21eca7bfaca4e2352d457.jpg,valid,Image_30_png.rf.421f468295a21eca7bfaca4e2352d457.jpg,steel,1,valid\_classes.csv
valid\Image_30_png.rf.67e6a3f50a939567f96a069ee2414432.jpg,valid,Image_30_png.rf.67e6a3f50a939567f96a069ee2414432.jpg,glass,1,valid\_classes.csv
valid\Image_31_png.rf.2587bf95c87791423909d35bb203c419.jpg,valid,Image_31_png.rf.2587bf95c87791423909d35bb203c419.jpg,aluminium,1,valid\_classes.csv
valid\Image_34_png.rf.f6a1488a0564ab5e45f4b5218a3f138f.jpg,valid,Image_34_png.rf.f6a1488a0564ab5e45f4b5218a3f138f.jpg,organic,1,valid\_classes.csv
valid\Image_35_png.rf.bb10d98388e021509f29fd1002816a3b.jpg,valid,Image_35_png.rf.bb10d98388e021509f29fd1002816a3b.jpg,polythene,1,valid\_classes.csv
valid\Image_36_png.rf.064bb4b088e0db87369aef41e62972f2.jpg,valid,Image_36_png.rf.064bb4b088e0db87369aef41e62972f2.jpg,steel,1,valid\_classes.csv
valid\Image_37_png.rf.b3daf8435240bd3bde72f648aa482f0d.jpg,valid,Image_37_png.rf.b3daf8435240bd3bde72f648aa482f0d.jpg,aluminium,1,valid\_classes.csv
valid\Image_38_png.rf.c664dc38f3cc53d2adfc53a6ec4ab618.jpg,valid,Image_38_png.rf.c664dc38f3cc53d2adfc53a6ec4ab618.jpg,organic,1,valid\_classes.csv
valid\Image_40_png.rf.95d50dd1391fd6c3f07718a9721f376a.jpg,valid,Image_40_png.rf.95d50dd1391fd6c3f07718a9721f376a.jpg,plastic,1,valid\_classes.csv
valid\Image_44_png.rf.e878270972d52f73a09287f3013cd7b5.jpg,valid,Image_44_png.rf.e878270972d52f73a09287f3013cd7b5.jpg,glass,1,valid\_classes.csv
valid\Image_46_png.rf.46d9e1a1504fba4b5a5c148151565cfb.jpg,valid,Image_46_png.rf.46d9e1a1504fba4b5a5c148151565cfb.jpg,polythene,1,valid\_classes.csv
valid\Image_47_png.rf.62d0a9f103072f6ec3cebda6f37b481f.jpg,valid,Image_47_png.rf.62d0a9f103072f6ec3cebda6f37b481f.jpg,glass,1,valid\_classes.csv
valid\Image_49_png.rf.1acde759042d058f46be8793a9cd02ae.jpg,valid,Image_49_png.rf.1acde759042d058f46be8793a9cd02ae.jpg,plastic,1,valid\_classes.csv
valid\Image_50_png.rf.7d371d629822f9f2ed2fb53a81569b48.jpg,valid,Image_50_png.rf.7d371d629822f9f2ed2fb53a81569b48.jpg,glass,1,valid\_classes.csv
valid\Image_50_png.rf.a6fe3eb0d06fdd628bb4951d80acaccf.jpg,valid,Image_50_png.rf.a6fe3eb0d06fdd628bb4951d80acaccf.jpg,polythene,1,valid\_classes.csv
valid\Image_50_png.rf.d168529f238756b953ad168fca490a08.jpg,valid,Image_50_png.rf.d168529f238756b953ad168fca490a08.jpg,glass,1,valid\_classes.csv
valid\Image_51_png.rf.5fb141ed132c59071a75cad95ca0b949.jpg,valid,Image_51_png.rf.5fb141ed132c59071a75cad95ca0b949.jpg,organic,1,valid\_classes.csv
valid\Image_52_png.rf.1d86e0745ce876df793db50e01bb7c5c.jpg,valid,Image_52_png.rf.1d86e0745ce876df793db50e01bb7c5c.jpg,aluminium,1,valid\_classes.csv
valid\Image_54_png.rf.f294c0f157ac639931cc4c2ed29c727c.jpg,valid,Image_54_png.rf.f294c0f157ac639931cc4c2ed29c727c.jpg,organic,1,valid\_classes.csv
valid\Image_57_png.rf.4888226f6d05409a3b59d7a17e9008a8.jpg,valid,Image_57_png.rf.4888226f6d05409a3b59d7a17e9008a8.jpg,plastic,1,valid\_classes.csv
valid\Image_69_png.rf.0d9d8ac746938503d13ac4f6c2ea0708.jpg,valid,Image_69_png.rf.0d9d8ac746938503d13ac4f6c2ea0708.jpg,polythene,1,valid\_classes.csv
valid\Image_6_png.rf.97b227dd6221f064c3eb0304f62c61d6.jpg,valid,Image_6_png.rf.97b227dd6221f064c3eb0304f62c61d6.jpg,aluminium,1,valid\_classes.csv
valid\Image_6_png.rf.9cbec56f45555c3c96cdc269b95fb1cb.jpg,valid,Image_6_png.rf.9cbec56f45555c3c96cdc269b95fb1cb.jpg,plastic,1,valid\_classes.csv
valid\Image_71_png.rf.77bd070a74fbe4f90e07c9ddbb3bee6b.jpg,valid,Image_71_png.rf.77bd070a74fbe4f90e07c9ddbb3bee6b.jpg,steel,1,valid\_classes.csv
valid\Image_73_png.rf.b2a7d20247fe8f100fd577422c74a109.jpg,valid,Image_73_png.rf.b2a7d20247fe8f100fd577422c74a109.jpg,organic,1,valid\_classes.csv
valid\Image_75_png.rf.9357e31849dc300e0ed8a84f32896c58.jpg,valid,Image_75_png.rf.9357e31849dc300e0ed8a84f32896c58.jpg,polythene,1,valid\_classes.csv
valid\Image_76_png.rf.dc5786add158ef1eccf49d67ee00cb78.jpg,valid,Image_76_png.rf.dc5786add158ef1eccf49d67ee00cb78.jpg,steel,1,valid\_classes.csv
valid\Image_77_png.rf.68024d887ff2ec93472bdb9a944a9fff.jpg,valid,Image_77_png.rf.68024d887ff2ec93472bdb9a944a9fff.jpg,polythene,1,valid\_classes.csv
valid\Image_79_png.rf.0fa1f20acc763501131faa90e6a8a555.jpg,valid,Image_79_png.rf.0fa1f20acc763501131faa90e6a8a555.jpg,paper,1,valid\_classes.csv
valid\Image_81_png.rf.9e9a6ce77ad709a9d7c0067655fd3e79.jpg,valid,Image_81_png.rf.9e9a6ce77ad709a9d7c0067655fd3e79.jpg,paper,1,valid\_classes.csv
valid\Image_81_png.rf.a44ab7ae0fe2baf53446f239d560ea2c.jpg,valid,Image_81_png.rf.a44ab7ae0fe2baf53446f239d560ea2c.jpg,organic,1,valid\_classes.csv
valid\Image_87_png.rf.47e0c4933338f5b5e75de1e34b59aed1.jpg,valid,Image_87_png.rf.47e0c4933338f5b5e75de1e34b59aed1.jpg,paper,1,valid\_classes.csv
valid\Image_89_png.rf.76ac822facd4d8df9f5d010a425b4d15.jpg,valid,Image_89_png.rf.76ac822facd4d8df9f5d010a425b4d15.jpg,glass,1,valid\_classes.csv
valid\Image_8_png.rf.fbdc8dbddb7ca5f4495383d1a4a4b3bd.jpg,valid,Image_8_png.rf.fbdc8dbddb7ca5f4495383d1a4a4b3bd.jpg,plastic,1,valid\_classes.csv
valid\Image_93_png.rf.392a79824db0e2331a7bcd30969cdaa8.jpg,valid,Image_93_png.rf.392a79824db0e2331a7bcd30969cdaa8.jpg,glass,1,valid\_classes.csv
valid\Image_98_png.rf.685d2b2ba34f57ac67c25ac0e5b3aead.jpg,valid,Image_98_png.rf.685d2b2ba34f57ac67c25ac0e5b3aead.jpg,glass,1,valid\_classes.csv
valid\Image_98_png.rf.9e11ee0066a2b7c8a0c1c88047014f97.jpg,valid,Image_98_png.rf.9e11ee0066a2b7c8a0c1c88047014f97.jpg,steel,1,valid\_classes.csv
valid\Image_98_png.rf.b4818b85f9116d8c1c5cda33fcc77ccc.jpg,valid,Image_98_png.rf.b4818b85f9116d8c1c5cda33fcc77ccc.jpg,paper,1,valid\_classes.csv
valid\Image_99_png.rf.801a86fb1c584cb20afec15b168e0a70.jpg,valid,Image_99_png.rf.801a86fb1c584cb20afec15b168e0a70.jpg,steel,1,valid\_classes.csv
test\Image_101_png.rf.fb49f6da2223afc51d8f269fd2e654a4.jpg,test,Image_101_png.rf.fb49f6da2223afc51d8f269fd2e654a4.jpg,glass,1,test\_classes.csv
test\Image_110_png.rf.bdf8ae63fd38c9e537c50b4bd2442f94.jpg,test,Image_110_png.rf.bdf8ae63fd38c9e537c50b4bd2442f94.jpg,"organic, steel",2,test\_classes.csv
test\Image_118_png.rf.cedbbbef9004187ba3c60be3db6a8946.jpg,test,Image_118_png.rf.cedbbbef9004187ba3c60be3db6a8946.jpg,plastic,1,test\_classes.csv
test\Image_123_png.rf.8d2d2e75654f42b9cc7896544c2d0781.jpg,test,Image_123_png.rf.8d2d2e75654f42b9cc7896544c2d0781.jpg,glass,1,test\_classes.csv
test\Image_124_png.rf.57bc1fff3c0c3b65723cc8ba268fd53b.jpg,test,Image_124_png.rf.57bc1fff3c0c3b65723cc8ba268fd53b.jpg,paper,1,test\_classes.csv
test\Image_125_png.rf.09b9cde34fcc35d54e0395e250615b71.jpg,test,Image_125_png.rf.09b9cde34fcc35d54e0395e250615b71.jpg,paper,1,test\_classes.csv
test\Image_127_png.rf.441006d8cf7470a07f83b26f902e7ee8.jpg,test,Image_127_png.rf.441006d8cf7470a07f83b26f902e7ee8.jpg,paper,1,test\_classes.csv
test\Image_12_png.rf.f7d1697f72a1a2d54f6837be080741a1.jpg,test,Image_12_png.rf.f7d1697f72a1a2d54f6837be080741a1.jpg,steel,1,test\_classes.csv
test\Image_132_png.rf.0a7d51d3920c4a2c561eb99fcf7bed0e.jpg,test,Image_132_png.rf.0a7d51d3920c4a2c561eb99fcf7bed0e.jpg,polythene,1,test\_classes.csv
test\Image_138_png.rf.3bfd9adc09e21685049a6642c5d8aa74.jpg,test,Image_138_png.rf.3bfd9adc09e21685049a6642c5d8aa74.jpg,plastic,1,test\_classes.csv
test\Image_138_png.rf.526673cdc957f78c166bbb5516f9b8bd.jpg,test,Image_138_png.rf.526673cdc957f78c166bbb5516f9b8bd.jpg,plastic,1,test\_classes.csv
test\Image_13_png.rf.cbc5373f6885cab022cc6b9b2a10d6d7.jpg,test,Image_13_png.rf.cbc5373f6885cab022cc6b9b2a10d6d7.jpg,plastic,1,test\_classes.csv
test\Image_140_png.rf.9b36845497b56fe2c079b68ddf4f65e9.jpg,test,Image_140_png.rf.9b36845497b56fe2c079b68ddf4f65e9.jpg,glass,1,test\_classes.csv
test\Image_141_png.rf.93f0cb77f76935fc136d795115e8d28f.jpg,test,Image_141_png.rf.93f0cb77f76935fc136d795115e8d28f.jpg,plastic,1,test\_classes.csv
test\Image_144_png.rf.a67e32f036439228f6803edcdf5168e2.jpg,test,Image_144_png.rf.a67e32f036439228f6803edcdf5168e2.jpg,organic,1,test\_classes.csv
test\Image_147_png.rf.d9a595a2befe38abea91cde0e8c3554e.jpg,test,Image_147_png.rf.d9a595a2befe38abea91cde0e8c3554e.jpg,polythene,1,test\_classes.csv
test\Image_153_png.rf.f72c466d61d5c1cd886a73280136900d.jpg,test,Image_153_png.rf.f72c466d61d5c1cd886a73280136900d.jpg,paper,1,test\_classes.csv
test\Image_155_png.rf.0f3d51006ee29062aceded8f8130dd1f.jpg,test,Image_155_png.rf.0f3d51006ee29062aceded8f8130dd1f.jpg,polythene,1,test\_classes.csv
test\Image_155_png.rf.b486f0e0f35849a5e7c3d7a644afd0df.jpg,test,Image_155_png.rf.b486f0e0f35849a5e7c3d7a644afd0df.jpg,paper,1,test\_classes.csv
test\Image_157_png.rf.56a95b2eb1231dc76d584c5d2cdd9072.jpg,test,Image_157_png.rf.56a95b2eb1231dc76d584c5d2cdd9072.jpg,glass,1,test\_classes.csv
test\Image_158_png.rf.59828c44a8a320b046d16e0f291d8e7a.jpg,test,Image_158_png.rf.59828c44a8a320b046d16e0f291d8e7a.jpg,steel,1,test\_classes.csv
test\Image_160_png.rf.8b9b52db310244046af57e11109ff8fe.jpg,test,Image_160_png.rf.8b9b52db310244046af57e11109ff8fe.jpg,paper,1,test\_classes.csv
test\Image_162_png.rf.a5ff617854157ed44401d9901fd108cd.jpg,test,Image_162_png.rf.a5ff617854157ed44401d9901fd108cd.jpg,plastic,1,test\_classes.csv
test\Image_163_png.rf.afa93b9ae799da185b2e1804d392f8ce.jpg,test,Image_163_png.rf.afa93b9ae799da185b2e1804d392f8ce.jpg,organic,1,test\_classes.csv
test\Image_163_png.rf.fae829f10184833af6ef1d96dbb04b22.jpg,test,Image_163_png.rf.fae829f10184833af6ef1d96dbb04b22.jpg,polythene,1,test\_classes.csv
test\Image_165_png.rf.2052536ca3b6da7e9d449b823f81a1a1.jpg,test,Image_165_png.rf.2052536ca3b6da7e9d449b823f81a1a1.jpg,polythene,1,test\_classes.csv
test\Image_166_png.rf.1b1e36e1901235d506885cd6c109f7c3.jpg,test,Image_166_png.rf.1b1e36e1901235d506885cd6c109f7c3.jpg,steel,1,test\_classes.csv
test\Image_171_png.rf.6785c5c6ef1841862e019dc6e9833083.jpg,test,Image_171_png.rf.6785c5c6ef1841862e019dc6e9833083.jpg,"aluminium, steel",2,test\_classes.csv
test\Image_171_png.rf.a82a40d452c2503a8574ec61f96808e6.jpg,test,Image_171_png.rf.a82a40d452c2503a8574ec61f96808e6.jpg,organic,1,test\_classes.csv
test\Image_173_png.rf.ed0727ae5fd0d1a472df9d97e119c790.jpg,test,Image_173_png.rf.ed0727ae5fd0d1a472df9d97e119c790.jpg,glass,1,test\_classes.csv
test\Image_174_png.rf.b8b6d7900bd9f2f7ad4d0e624dd2541c.jpg,test,Image_174_png.rf.b8b6d7900bd9f2f7ad4d0e624dd2541c.jpg,organic,1,test\_classes.csv
test\Image_183_png.rf.bc9517f5c08b5bb16291e0213cd5d5c9.jpg,test,Image_183_png.rf.bc9517f5c08b5bb16291e0213cd5d5c9.jpg,paper,1,test\_classes.csv
test\Image_189_png.rf.149fb84b205b5ae2bef03d82ec1ae782.jpg,test,Image_189_png.rf.149fb84b205b5ae2bef03d82ec1ae782.jpg,steel,1,test\_classes.csv
test\Image_18_png.rf.2e4d29503ee2bb9821e89d4844b7ba36.jpg,test,Image_18_png.rf.2e4d29503ee2bb9821e89d4844b7ba36.jpg,steel,1,test\_classes.csv
test\Image_200_png.rf.45523936116af53058bf99ced07bbb38.jpg,test,Image_200_png.rf.45523936116af53058bf99ced07bbb38.jpg,organic,1,test\_classes.csv
test\Image_209_png.rf.73a2048828923a4568c0e444784775d9.jpg,test,Image_209_png.rf.73a2048828923a4568c0e444784775d9.jpg,polythene,1,test\_classes.csv
test\Image_210_png.rf.5dcb9616a9fc436da8f1380edf52fd80.jpg,test,Image_210_png.rf.5dcb9616a9fc436da8f1380edf52fd80.jpg,steel,1,test\_classes.csv
test\Image_215_png.rf.3663313ee07a95e5c0c6fe1ab36073e2.jpg,test,Image_215_png.rf.3663313ee07a95e5c0c6fe1ab36073e2.jpg,steel,1,test\_classes.csv
test\Image_217_png.rf.13e02d4e80fb30c696a1f0d64f502bdc.jpg,test,Image_217_png.rf.13e02d4e80fb30c696a1f0d64f502bdc.jpg,paper,1,test\_classes.csv
test\Image_219_png.rf.4fb89bcd61003e97802fe5f9610312a1.jpg,test,Image_219_png.rf.4fb89bcd61003e97802fe5f9610312a1.jpg,paper,1,test\_classes.csv
test\Image_220_png.rf.285466611644b13805a5a72732eb8537.jpg,test,Image_220_png.rf.285466611644b13805a5a72732eb8537.jpg,polythene,1,test\_classes.csv
test\Image_223_png.rf.ef58ea06fcbd3a80267c7e595fbf79e0.jpg,test,Image_223_png.rf.ef58ea06fcbd3a80267c7e595fbf79e0.jpg,aluminium,1,test\_classes.csv
test\Image_224_png.rf.04914dde66c4eddf6cd8813faf549fae.jpg,test,Image_224_png.rf.04914dde66c4eddf6cd8813faf549fae.jpg,steel,1,test\_classes.csv
test\Image_226_png.rf.fa0db1f55cc0c72784c4f9bb4b1b45d4.jpg,test,Image_226_png.rf.fa0db1f55cc0c72784c4f9bb4b1b45d4.jpg,steel,1,test\_classes.csv
test\Image_235_png.rf.47354a3620392a0f1ac9c04d2e6fa40d.jpg,test,Image_235_png.rf.47354a3620392a0f1ac9c04d2e6fa40d.jpg,polythene,1,test\_classes.csv
test\Image_239_png.rf.ca37709aed3bfb17d907a144cbc7ca2d.jpg,test,Image_239_png.rf.ca37709aed3bfb17d907a144cbc7ca2d.jpg,steel,1,test\_classes.csv
test\Image_248_png.rf.0d889705d526b61097a2ad269a4575a2.jpg,test,Image_248_png.rf.0d889705d526b61097a2ad269a4575a2.jpg,organic,1,test\_classes.csv
test\Image_24_png.rf.87d948e6ea68d869e00d7b504fb73854.jpg,test,Image_24_png.rf.87d948e6ea68d869e00d7b504fb73854.jpg,organic,1,test\_classes.csv
test\Image_29_png.rf.2e415334937fd49e0f78a2a91ac69375.jpg,test,Image_29_png.rf.2e415334937fd49e0f78a2a91ac69375.jpg,glass,1,test\_classes.csv
test\Image_39_png.rf.110b837d4a4caa19ac9de39d7d23cd9e.jpg,test,Image_39_png.rf.110b837d4a4caa19ac9de39d7d23cd9e.jpg,polythene,1,test\_classes.csv
test\Image_39_png.rf.a77ef2e6569f27497768e3cecdce19fd.jpg,test,Image_39_png.rf.a77ef2e6569f27497768e3cecdce19fd.jpg,glass,1,test\_classes.csv
test\Image_40_png.rf.18a391e55eb9b9f716c59eeede765950.jpg,test,Image_40_png.rf.18a391e55eb9b9f716c59eeede765950.jpg,aluminium,1,test\_classes.csv
test\Image_40_png.rf.6ca2eeda7b614217c7953a9d442cd515.jpg,test,Image_40_png.rf.6ca2eeda7b614217c7953a9d442cd515.jpg,plastic,1,test\_classes.csv
test\Image_41_png.rf.11d8a59c539d798d2cfb5200d6417caf.jpg,test,Image_41_png.rf.11d8a59c539d798d2cfb5200d6417caf.jpg,polythene,1,test\_classes.csv
test\Image_41_png.rf.dbe7e85ac642486d491e5446a18e855e.jpg,test,Image_41_png.rf.dbe7e85ac642486d491e5446a18e855e.jpg,glass,1,test\_classes.csv
test\Image_42_png.rf.10fc9cb83ca9b921998c924202e0e668.jpg,test,Image_42_png.rf.10fc9cb83ca9b921998c924202e0e668.jpg,aluminium,1,test\_classes.csv
test\Image_43_png.rf.9169a9df1cbe9a314df61b4e414dfd54.jpg,test,Image_43_png.rf.9169a9df1cbe9a314df61b4e414dfd54.jpg,organic,1,test\_classes.csv
test\Image_44_png.rf.c1349de54bc77bd6d8da37941672a8fd.jpg,test,Image_44_png.rf.c1349de54bc77bd6d8da37941672a8fd.jpg,polythene,1,test\_classes.csv
test\Image_47_png.rf.63bc27daa3a9cd8be9af78be3c0b6883.jpg,test,Image_47_png.rf.63bc27daa3a9cd8be9af78be3c0b6883.jpg,aluminium,1,test\_classes.csv
test\Image_55_png.rf.0e8c4252baccebe92ba72d665f581e6c.jpg,test,Image_55_png.rf.0e8c4252baccebe92ba72d665f581e6c.jpg,organic,1,test\_classes.csv
test\Image_55_png.rf.f550d5ab87537d205ef738ad5da52938.jpg,test,Image_55_png.rf.f550d5ab87537d205ef738ad5da52938.jpg,polythene,1,test\_classes.csv
test\Image_5_png.rf.fe17207a8f593937ba1983a5ba7b5c85.jpg,test,Image_5_png.rf.fe17207a8f593937ba1983a5ba7b5c85.jpg,organic,1,test\_classes.csv
test\Image_63_png.rf.cf4f813a2b518bbaa44ed8df5906b2db.jpg,test,Image_63_png.rf.cf4f813a2b518bbaa44ed8df5906b2db.jpg,organic,1,test\_classes.csv
test\Image_64_png.rf.eb3667bfebea0c988d45df2d3b0d1dd7.jpg,test,Image_64_png.rf.eb3667bfebea0c988d45df2d3b0d1dd7.jpg,glass,1,test\_classes.csv
test\Image_65_png.rf.aaa404824d3c05f10809b9dd4bdd80b2.jpg,test,Image_65_png.rf.aaa404824d3c05f10809b9dd4bdd80b2.jpg,polythene,1,test\_classes.csv
test\Image_6_png.rf.cfb9eabc681a325e62b0d01f6af6ea35.jpg,test,Image_6_png.rf.cfb9eabc681a325e62b0d01f6af6ea35.jpg,glass,1,test\_classes.csv
test\Image_84_png.rf.c253f8468fcbb82ebe4087d1007d7361.jpg,test,Image_84_png.rf.c253f8468fcbb82ebe4087d1007d7361.jpg,organic,1,test\_classes.csv
test\Image_89_png.rf.d527850eb1b56c7d0fd4b560f87bd422.jpg,test,Image_89_png.rf.d527850eb1b56c7d0fd4b560f87bd422.jpg,paper,1,test\_classes.csv
test\Image_8_png.rf.02ecb38310cb611aeecbdf17fd94da46.jpg,test,Image_8_png.rf.02ecb38310cb611aeecbdf17fd94da46.jpg,aluminium,1,test\_classes.csv
test\Image_98_png.rf.98b32601964e46a207d9a34a683d2783.jpg,test,Image_98_png.rf.98b32601964e46a207d9a34a683d2783.jpg,organic,1,test\_classes.csv
test\Image_9_png.rf.fd0918eb9f4dfed7d0d76798629ce1ba.jpg,test,Image_9_png.rf.fd0918eb9f4dfed7d0d76798629ce1ba.jpg,steel,1,test\_classes.csv
